  0.151166   0.145539   0.156270   0.004526   0.023205   0.046753   0.000000   0.000000   0.000000   0.000000   0.000000   0.000000 
  0.178053   0.163847   0.173742   0.014782   0.000000   0.047899   0.026887   0.018308   0.017472   0.010256  -0.023205   0.001146 
  0.134726   0.177181   0.180330  -0.003438   0.000000   0.043889  -0.043327   0.013334   0.006588  -0.018220   0.000000  -0.004010 
  0.042174   0.201784   0.248652   0.000000   0.000000   0.000000  -0.092552   0.024603   0.068322   0.003438   0.000000  -0.043889 
  0.119857   0.196519   0.211011  -0.004870   0.000000   0.041539   0.077683  -0.005265  -0.037641  -0.004870   0.000000   0.041539 
  0.218531   0.186037   0.201566   0.000172   0.000000   0.042743   0.098674  -0.010482  -0.009445   0.005042   0.000000   0.001204 
  0.181467   0.177010   0.238348   0.000000   0.000000   0.045607  -0.037064  -0.009027   0.036782  -0.000172   0.000000   0.002864 
  0.140478   0.192074   0.239935   0.004412   0.000000   0.031570  -0.040989   0.015064   0.001587   0.004412   0.000000  -0.014037 
  0.098006   0.197441   0.239631   0.000000   0.000000   0.030252  -0.042472   0.005367  -0.000304  -0.004412   0.000000  -0.001318 
  0.043976   0.200959   0.259188  -0.034893   0.000000   0.000000  -0.054030   0.003518   0.019557  -0.034893   0.000000  -0.030252 
  0.141640   0.175399   0.213159  -0.041138   0.000000   0.034091   0.097664  -0.025560  -0.046029  -0.006245   0.000000   0.034091 
  0.177279   0.189037   0.222772   0.000000   0.000000   0.036956   0.035639   0.013638   0.009613   0.041138   0.000000   0.002865 
  0.154443   0.192351   0.247913   0.000000   0.000000   0.033862  -0.022836   0.003314   0.025141   0.000000   0.000000  -0.003094 
  0.139713   0.194700   0.263396  -0.036440   0.000000   0.032028  -0.014730   0.002349   0.015483  -0.036440   0.000000  -0.001834 
  0.072112   0.200735   0.267994  -0.056952   0.000000   0.000000  -0.067601   0.006035   0.004598  -0.020512   0.000000  -0.032028 
  0.070531   0.213546   0.284915  -0.080042   0.000000   0.000000  -0.001581   0.012811   0.016921  -0.023090   0.000000   0.000000 
  0.132794   0.197428   0.229573  -0.058270   0.000000   0.033002   0.062263  -0.016118  -0.055342   0.021772   0.000000   0.033002 
  0.163792   0.193789   0.243502  -0.049905   0.000000   0.035982   0.030998  -0.003639   0.013929   0.008365   0.000000   0.002980 
  0.140477   0.196000   0.259672  -0.049561   0.000000   0.034492  -0.023315   0.002211   0.016170   0.000344   0.000000  -0.001490 
  0.113240   0.199230   0.267831  -0.061879   0.000000   0.033002  -0.027237   0.003230   0.008159  -0.012318   0.000000  -0.001490 
  0.063948   0.212760   0.287332  -0.107831   0.000000   0.000000  -0.049292   0.013530   0.019501  -0.045952   0.000000  -0.033002 
  0.090762   0.203927   0.254537  -0.094653   0.000000   0.028877   0.026814  -0.008833  -0.032795   0.013178   0.000000   0.028877 
  0.168699   0.198511   0.240980  -0.060161   0.000000   0.030252   0.077937  -0.005416  -0.013557   0.034492   0.000000   0.001375 
  0.160340   0.200202   0.268187  -0.061650   0.000000   0.032143  -0.008359   0.001691   0.027207  -0.001489   0.000000   0.001891 
  0.115012   0.206719   0.275743  -0.078209   0.000000   0.000000  -0.045328   0.006517   0.007556  -0.016559   0.000000  -0.032143 
  0.071428   0.207209   0.294574  -0.131379   0.000000   0.000000  -0.043584   0.000490   0.018831  -0.053170   0.000000   0.000000 
  0.139048   0.198981   0.252941  -0.110753   0.000000   0.034377   0.067620  -0.008228  -0.041633   0.020626   0.000000   0.034377 
  0.181761   0.194563   0.246250  -0.057926   0.032487   0.034148   0.042713  -0.004418  -0.006691   0.052827   0.032487  -0.000229 
  0.153971   0.202277   0.263062  -0.074943   0.033976   0.037185  -0.027790   0.007714   0.016812  -0.017017   0.001489   0.003037 
  0.152483   0.210190   0.269474  -0.105367   0.033174   0.039419  -0.001488   0.007913   0.006412  -0.030424  -0.000802   0.002234 
  0.079715   0.210004   0.296932  -0.144443   0.000000   0.000000  -0.072768  -0.000186   0.027458  -0.039076  -0.033174  -0.039419 
  0.060043   0.222324   0.291130  -0.151490   0.000000   0.000000  -0.019672   0.012320  -0.005802  -0.007047   0.000000   0.000000 
  0.191558   0.195206   0.233535  -0.117915   0.000000   0.033002   0.131515  -0.027118  -0.057595   0.033575   0.000000   0.033002 
  0.203872   0.200775   0.255067  -0.113503   0.032028   0.035409   0.012314   0.005569   0.021532   0.004412   0.032028   0.002407 
  0.167896   0.201079   0.273334  -0.116425   0.033117   0.033919  -0.035976   0.000304   0.018267  -0.002922   0.001089  -0.001490 
  0.126412   0.209060   0.298544  -0.117915   0.029164  -0.002979  -0.041484   0.007981   0.025210  -0.001490  -0.003953  -0.036898 
  0.069941   0.224897   0.315926  -0.142437   0.000000   0.000000  -0.056471   0.015837   0.017382  -0.024522  -0.029164   0.002979 
  0.181897   0.203561   0.254722  -0.139974   0.029679   0.000000   0.111956  -0.021336  -0.061204   0.002463   0.029679   0.000000 
  0.192369   0.202448   0.279520  -0.143411   0.037758   0.000000   0.010472  -0.001113   0.024798  -0.003437   0.008079   0.000000 
  0.154779   0.212160   0.300743  -0.117113   0.046123   0.034549  -0.037590   0.009712   0.021223   0.026298   0.008365   0.034549 
  0.090950   0.228138   0.322175  -0.147880   0.035581   0.000000  -0.063829   0.015978   0.021432  -0.030767  -0.010542  -0.034549 
  0.043856   0.247809   0.345556  -0.165699   0.000000   0.000000  -0.047094   0.019671   0.023381  -0.017819  -0.035581   0.000000 
  0.147351   0.219454   0.297635  -0.154011   0.037701   0.030768   0.103495  -0.028355  -0.047921   0.011688   0.037701   0.030768 
  0.197562   0.209897   0.287387  -0.130520   0.053400   0.032372   0.050211  -0.009557  -0.010248   0.023491   0.015699   0.001604 
  0.171986   0.217807   0.310717  -0.125134   0.057181   0.033919  -0.025576   0.007910   0.023330   0.005386   0.003781   0.001547 
  0.128152   0.232059   0.317615  -0.123014   0.057811   0.000000  -0.043834   0.014252   0.006898   0.002120   0.000630  -0.033919 
  0.056973   0.242768   0.340781  -0.153667   0.038560   0.000000  -0.071179   0.010709   0.023166  -0.030653  -0.019251   0.000000 
  0.055741   0.250262   0.333489  -0.156188   0.000000   0.000000  -0.001232   0.007494  -0.007292  -0.002521  -0.038560   0.000000 
  0.162762   0.218644   0.285084  -0.123644   0.046123   0.032544   0.107021  -0.031618  -0.048405   0.032544   0.046123   0.032544 
  0.175168   0.231098   0.296186  -0.132239   0.047957   0.000000   0.012406   0.012454   0.011102  -0.008595   0.001834  -0.032544 
  0.140169   0.232675   0.307707  -0.135791   0.050134   0.000000  -0.034999   0.001577   0.011521  -0.003552   0.002177   0.000000 
  0.156678   0.224792   0.310480  -0.152006   0.044977   0.000000   0.016509  -0.007883   0.002773  -0.016215  -0.005157   0.000000 
  0.043363   0.249274   0.338520  -0.145130   0.000000   0.000000  -0.113315   0.024482   0.028040   0.006876  -0.044977   0.000000 
  0.153323   0.215997   0.295285  -0.130462   0.000000   0.000000   0.109960  -0.033277  -0.043235   0.014668   0.000000   0.000000 
  0.165996   0.207962   0.296476  -0.140833   0.052483   0.000000   0.012673  -0.008035   0.001191  -0.010371   0.052483   0.000000 
  0.145833   0.212774   0.313552  -0.144729   0.054947   0.000000  -0.020163   0.004812   0.017076  -0.003896   0.002464   0.000000 
  0.067714   0.223409   0.314714  -0.124045   0.051165   0.000000  -0.078119   0.010635   0.001162   0.020684  -0.003782   0.000000 
  0.037345   0.241567   0.331280  -0.142552   0.039649   0.000000  -0.030369   0.018158   0.016566  -0.018507  -0.011516   0.000000 
  0.048636   0.242890   0.326711  -0.134473   0.033289   0.000000   0.011291   0.001323  -0.004569   0.008079  -0.006360   0.000000 
  0.164503   0.210055   0.297300  -0.153610   0.051108   0.000000   0.115867  -0.032835  -0.029411  -0.019137   0.017819   0.000000 
  0.151671   0.210816   0.304046  -0.146964   0.057410   0.000000  -0.012832   0.000761   0.006746   0.006646   0.006302   0.000000 
  0.125343   0.218293   0.316650  -0.148854   0.058098   0.000000  -0.026328   0.007477   0.012604  -0.001890   0.000688   0.000000 
  0.048932   0.246476   0.353477  -0.143297   0.047269   0.000000  -0.076411   0.028183   0.036827   0.005557  -0.010829   0.000000 
  0.031277   0.248266   0.336393  -0.142208   0.038789   0.000000  -0.017655   0.001790  -0.017084   0.001089  -0.008480   0.000000 
  0.116542   0.218500   0.285504  -0.147422   0.058671   0.000000   0.085265  -0.029766  -0.050889  -0.005214   0.019882   0.000000 
  0.156090   0.219694   0.310824  -0.109378   0.060619   0.000000   0.039548   0.001194   0.025320   0.038044   0.001948   0.000000 
  0.119481   0.222369   0.317055  -0.109206   0.061937   0.000000  -0.036609   0.002675   0.006231   0.000172   0.001318   0.000000 
  0.052616   0.241931   0.340522  -0.134416   0.046925   0.000000  -0.066865   0.019562   0.023467  -0.025210  -0.015012   0.000000 
  0.035514   0.245476   0.350931  -0.149084   0.041368   0.000000  -0.017102   0.003545   0.010409  -0.014668  -0.005557   0.000000 
  0.111086   0.219681   0.307701  -0.129317   0.045665   0.000000   0.075572  -0.025795  -0.043230   0.019767   0.004297   0.000000 
  0.173648   0.210630   0.293918  -0.115222   0.057525   0.000000   0.062562  -0.009051  -0.013783   0.014095   0.011860   0.000000 
  0.131683   0.211206   0.318832  -0.142838   0.059588   0.000000  -0.041965   0.000576   0.024914  -0.027616   0.002063   0.000000 
  0.102804   0.214990   0.313825  -0.141750   0.059817   0.000000  -0.028879   0.003784  -0.005007   0.001088   0.000229   0.000000 
  0.041756   0.247562   0.349887  -0.128228   0.048186  -0.030252  -0.061048   0.032572   0.036062   0.013522  -0.011631  -0.030252 
  0.031440   0.248435   0.326992  -0.133385   0.048243  -0.033002  -0.010316   0.000873  -0.022895  -0.005157   0.000057  -0.002750 
  0.149589   0.211808   0.287519  -0.140260   0.058614   0.000000   0.118149  -0.036627  -0.039473  -0.006875   0.010371   0.033002 
  0.153540   0.214396   0.314154  -0.121295   0.070646   0.000000   0.003951   0.002588   0.026635   0.018965   0.012032   0.000000 
  0.122768   0.200928   0.330719  -0.128457   0.073854   0.000000  -0.030772  -0.013468   0.016565  -0.007162   0.003208   0.000000 
  0.057044   0.233808   0.340287  -0.113388   0.076547   0.000000  -0.065724   0.032880   0.009568   0.015069   0.002693   0.000000 
  0.033603   0.240745   0.316442  -0.121181   0.054316  -0.030424  -0.023441   0.006937  -0.023845  -0.007793  -0.022231  -0.030424 
  0.098204   0.208727   0.301534  -0.130749   0.055749  -0.030653   0.064601  -0.032018  -0.014908  -0.009568   0.001433  -0.000229 
  0.144920   0.196078   0.298175  -0.122957   0.059817  -0.033575   0.046716  -0.012649  -0.003359   0.007792   0.004068  -0.002922 
  0.096257   0.199575   0.315036  -0.096429   0.068067  -0.025669  -0.048663   0.003497   0.016861   0.026528   0.008250   0.007906 
  0.084151   0.202387   0.294538  -0.081532   0.063197  -0.026184  -0.012106   0.002812  -0.020498   0.014897  -0.004870  -0.000515 
  0.101500   0.208766   0.302163  -0.116826   0.043086  -0.029679   0.017349   0.006379   0.007625  -0.035294  -0.020111  -0.003495 
  0.076108   0.201842   0.267147  -0.075860   0.065489  -0.051509  -0.025392  -0.006924  -0.035016   0.040966   0.022403  -0.021830 
  0.127662   0.191742   0.266794  -0.062796   0.072193   0.000000   0.051554  -0.010100  -0.000353   0.013064   0.006704   0.051509 
  0.097590   0.200247   0.272263  -0.061421   0.075000   0.000000  -0.030072   0.008505   0.005469   0.001375   0.002807   0.000000 
  0.079367   0.208624   0.275650  -0.069041   0.068182  -0.046524  -0.018223   0.008377   0.003387  -0.007620  -0.006818  -0.046524 
  0.038268   0.214119   0.303527  -0.110638   0.065546  -0.043946  -0.041099   0.005495   0.027877  -0.041597  -0.002636   0.002578 
  0.051239   0.223206   0.276161  -0.106284   0.081704  -0.037242   0.012971   0.009087  -0.027366   0.004354   0.016158   0.006704 
  0.129199   0.206480   0.257733  -0.069271   0.063942   0.000000   0.077960  -0.016726  -0.018428   0.037013  -0.017762   0.037242 
  0.143928   0.216662   0.271747  -0.075344   0.071849   0.000000   0.014729   0.010182   0.014014  -0.006073   0.007907   0.000000 
  0.094381   0.211677   0.283719  -0.063999   0.072021   0.000000  -0.049547  -0.004985   0.011972   0.011345   0.000172   0.000000 
  0.095940   0.212957   0.284382  -0.070875   0.079698   0.000000   0.001559   0.001280   0.000663  -0.006876   0.007677   0.000000 
  0.115541   0.227089   0.322060  -0.118660   0.060619  -0.034549   0.019601   0.014132   0.037678  -0.047785  -0.019079  -0.034549 
  0.091902   0.219588   0.292304  -0.078667   0.063598   0.000000  -0.023639  -0.007501  -0.029756   0.039993   0.002979   0.034549 
  0.137638   0.209882   0.260682  -0.057869   0.084282   0.000000   0.045736  -0.009706  -0.031622   0.020798   0.020684   0.000000 
  0.127844   0.209050   0.287232  -0.075459   0.083423   0.000000  -0.009794  -0.000832   0.026550  -0.017590  -0.000859   0.000000 
  0.119776   0.216157   0.293084  -0.074141   0.092017   0.000000  -0.008068   0.007107   0.005852   0.001318   0.008594   0.000000 
  0.087189   0.216547   0.330092  -0.127311   0.090012   0.000000  -0.032587   0.000390   0.037008  -0.053170  -0.002005   0.000000 
  0.071458   0.219923   0.315606  -0.134359   0.070187   0.000000  -0.015731   0.003376  -0.014486  -0.007048  -0.019825   0.000000 
  0.149062   0.203485   0.265012  -0.103304   0.073625   0.000000   0.077604  -0.016438  -0.050594   0.031055   0.003438   0.000000 
  0.114310   0.210450   0.294674  -0.075287   0.091158   0.000000  -0.034752   0.006965   0.029662   0.028017   0.017533   0.000000 
  0.077151   0.216686   0.291082  -0.072880   0.093850   0.000000  -0.037159   0.006236  -0.003592   0.002407   0.002692   0.000000 
  0.093815   0.214822   0.293598  -0.081475   0.085485   0.000000   0.016664  -0.001864   0.002516  -0.008595  -0.008365   0.000000 
  0.064179   0.219020   0.327306  -0.120378   0.068870   0.000000  -0.029636   0.004198   0.033708  -0.038903  -0.016615   0.000000 
  0.069692   0.219269   0.305292  -0.121410   0.058785   0.000000   0.005513   0.000249  -0.022014  -0.001032  -0.010085   0.000000 
  0.141785   0.208238   0.270155  -0.076948   0.075172   0.000000   0.072093  -0.011031  -0.035137   0.044462   0.016387   0.000000 
  0.131693   0.203914   0.276861  -0.068239   0.088694   0.000000  -0.010092  -0.004324   0.006706   0.008709   0.013522   0.000000 
  0.126110   0.206249   0.287999  -0.072880   0.093163   0.000000  -0.005583   0.002335   0.011138  -0.004641   0.004469   0.000000 
  0.080010   0.205410   0.315364  -0.117399   0.087720   0.000000  -0.046100  -0.000839   0.027365  -0.044519  -0.005443   0.000000 
  0.056920   0.215604   0.312316  -0.137624   0.068698   0.000000  -0.023090   0.010194  -0.003048  -0.020225  -0.019022   0.000000 
  0.113528   0.198794   0.265077  -0.108117   0.092762   0.000000   0.056608  -0.016810  -0.047239   0.029507   0.024064   0.000000 
  0.148714   0.206639   0.286203  -0.107716   0.104278   0.000000   0.035186   0.007845   0.021126   0.000401   0.011516   0.000000 
  0.116053   0.210785   0.287831  -0.110294   0.104622   0.000000  -0.032661   0.004146   0.001628  -0.002578   0.000344   0.000000 
  0.136994   0.221065   0.296707  -0.118373   0.086803   0.000000   0.020941   0.010280   0.008876  -0.008079  -0.017819   0.000000 
  0.049904   0.227159   0.331849  -0.131322   0.074427   0.000000  -0.087090   0.006094   0.035142  -0.012949  -0.012376   0.000000 
  0.070269   0.222881   0.283188  -0.082219   0.083881   0.000000   0.020365  -0.004278  -0.048661   0.049103   0.009454   0.000000 
  0.145279   0.214615   0.279590  -0.074485   0.086918   0.000000   0.075010  -0.008266  -0.003598   0.007734   0.003037   0.000000 
  0.121385   0.215744   0.288979  -0.068640   0.091845   0.000000  -0.023894   0.001129   0.009389   0.005845   0.004927   0.000000 
  0.072143   0.219318   0.300321  -0.071276   0.095455   0.000000  -0.049242   0.003574   0.011342  -0.002636   0.003610   0.000000 
  0.045943   0.220684   0.310354  -0.106226   0.077808   0.000000  -0.026200   0.001366   0.010033  -0.034950  -0.017647   0.000000 
  0.029765   0.220804   0.311453  -0.128171   0.066520   0.000000  -0.016178   0.000120   0.001099  -0.021945  -0.011288   0.000000 
  0.097153   0.209226   0.254150  -0.071620   0.064744   0.000000   0.067388  -0.011578  -0.057303   0.056551  -0.001776   0.000000 
  0.124153   0.207786   0.273315  -0.065890   0.073281   0.000000   0.027000  -0.001440   0.019165   0.005730   0.008537   0.000000 
  0.087069   0.211333   0.280459  -0.073224   0.076490   0.000000  -0.037084   0.003547   0.007144  -0.007334   0.003209   0.000000 
  0.036932   0.214213   0.274652  -0.081245   0.073625   0.000000  -0.050137   0.002880  -0.005807  -0.008021  -0.002865   0.000000 
  0.002220   0.220454   0.282811  -0.107945   0.065776  -0.031856  -0.034712   0.006241   0.008159  -0.026700  -0.007849  -0.031856 
  0.048180   0.213692   0.257498  -0.078037   0.064973   0.000000   0.045960  -0.006762  -0.025313   0.029908  -0.000803   0.031856 
  0.106212   0.206178   0.236991  -0.062109   0.069442   0.000000   0.058032  -0.007514  -0.020507   0.015928   0.004469   0.000000 
  0.089907   0.213378   0.263872  -0.058499   0.074026   0.000000  -0.016305   0.007200   0.026881   0.003610   0.004584   0.000000 
  0.059252   0.219786   0.282634  -0.064515   0.084798   0.000000  -0.030655   0.006408   0.018762  -0.006016   0.010772   0.000000 
  0.044113   0.218776   0.294369  -0.113789   0.080271   0.000000  -0.015139  -0.001010   0.011735  -0.049274  -0.004527   0.000000 
 -0.005413   0.231138   0.317832  -0.128514   0.067609  -0.033518  -0.049526   0.012362   0.023463  -0.014725  -0.012662  -0.033518 
  0.063086   0.223499   0.275827  -0.078667   0.081475   0.000000   0.068499  -0.007639  -0.042005   0.049847   0.013866   0.033518 
  0.111389   0.218368   0.272149  -0.068812   0.074828   0.000000   0.048303  -0.005131  -0.003678   0.009855  -0.006647   0.000000 
  0.103614   0.219038   0.272025  -0.065317   0.076318   0.000000  -0.007775   0.000670  -0.000124   0.003495   0.001490   0.000000 
  0.092680   0.218872   0.284818  -0.071505   0.083938   0.000000  -0.010934  -0.000166   0.012793  -0.006188   0.007620   0.000000 
 -0.005304   0.228164   0.304243  -0.123702   0.075630  -0.029278  -0.097984   0.009292   0.019425  -0.052197  -0.008308  -0.029278 
  0.013746   0.229229   0.300364  -0.114763   0.059588  -0.040050   0.019050   0.001065  -0.003879   0.008939  -0.016042  -0.010772 
  0.078636   0.221342   0.264358  -0.081532   0.082621   0.000000   0.064890  -0.007887  -0.036006   0.033231   0.023033   0.040050 
  0.121911   0.215638   0.268139  -0.074656   0.086517   0.000000   0.043275  -0.005704   0.003781   0.006876   0.003896   0.000000 
  0.086311   0.220822   0.280147  -0.079297   0.089496   0.000000  -0.035600   0.005184   0.012008  -0.004641   0.002979   0.000000 
  0.051300   0.222706   0.286988  -0.095455   0.076604   0.000000  -0.035011   0.001884   0.006841  -0.016158  -0.012892   0.000000 
  0.000374   0.231688   0.295398  -0.129546   0.090470   0.000000  -0.050926   0.008982   0.008410  -0.034091   0.013866   0.000000 
  0.038110   0.228280   0.304163  -0.132067   0.060963  -0.000115   0.037736  -0.003408   0.008765  -0.002521  -0.029507  -0.000115 
  0.109380   0.212575   0.264607  -0.116826   0.068870   0.000000   0.071270  -0.015705  -0.039556   0.015241   0.007907   0.000115 
  0.103533   0.214361   0.294983  -0.111326   0.071104   0.000000  -0.005847   0.001786   0.030376   0.005500   0.002234   0.000000 
  0.067487   0.218407   0.295907  -0.116883   0.075401  -0.036039  -0.036046   0.004046   0.000924  -0.005557   0.004297  -0.036039 
  0.063120   0.218852   0.295337  -0.122441   0.067838  -0.030481  -0.004367   0.000445  -0.000570  -0.005558  -0.007563   0.005558 
 -0.013024   0.237112   0.337374  -0.128686   0.060504  -0.051337  -0.076144   0.018260   0.042037  -0.006245  -0.007334  -0.020856 
  0.030074   0.233163   0.302509  -0.120321   0.057754  -0.040737   0.043098  -0.003949  -0.034865   0.008365  -0.002750   0.010600 
  0.110407   0.214804   0.257842  -0.111383   0.066635   0.000000   0.080333  -0.018359  -0.044667   0.008938   0.008881   0.040737 
  0.107290   0.216866   0.277415  -0.110581   0.070588   0.000000  -0.003117   0.002062   0.019573   0.000802   0.003953   0.000000 
  0.092507   0.221067   0.288513  -0.077292   0.091387   0.000000  -0.014783   0.004201   0.011098   0.033289   0.020799   0.000000 
  0.050879   0.225068   0.311543  -0.119863   0.073167  -0.008652  -0.041628   0.004001   0.023030  -0.042571  -0.018220  -0.008652 
 -0.010939   0.233396   0.310853  -0.121868   0.058499  -0.035523  -0.061818   0.008328  -0.000690  -0.002005  -0.014668  -0.026871 
  0.067156   0.213239   0.280184  -0.086287   0.069844   0.000000   0.078095  -0.020157  -0.030669   0.035581   0.011345   0.035523 
  0.099001   0.205450   0.266281  -0.105539   0.092074   0.000000   0.031845  -0.007789  -0.013903  -0.019252   0.022230   0.000000 
  0.096116   0.214267   0.263404  -0.059129   0.087319   0.000000  -0.002885   0.008817  -0.002877   0.046410  -0.004755   0.000000 
  0.128229   0.210334   0.259016  -0.085944   0.088121   0.000000   0.032113  -0.003933  -0.004388  -0.026815   0.000802   0.000000 
 -0.007764   0.225748   0.297722  -0.131035   0.096142  -0.037758  -0.135993   0.015414   0.038706  -0.045091   0.008021  -0.037758 
 -0.020481   0.223126   0.283323  -0.131895   0.052884  -0.037357  -0.012717  -0.002622  -0.014399  -0.000860  -0.043258   0.000401 
  0.102318   0.207764   0.248660  -0.099294   0.083022   0.000000   0.122799  -0.015362  -0.034663   0.032601   0.030138   0.037357 
  0.103670   0.217019   0.266131  -0.072078   0.090527  -0.030481   0.001352   0.009255   0.017471   0.027216   0.007505  -0.030481 
  0.086286   0.215500   0.269987  -0.068182   0.070818   0.000000  -0.017384  -0.001519   0.003856   0.003896  -0.019709   0.030481 
  0.115127   0.211114   0.249123  -0.078323   0.076604  -0.032945   0.028841  -0.004386  -0.020864  -0.010141   0.005786  -0.032945 
 -0.036109   0.223019   0.297038  -0.126624   0.086116  -0.035409  -0.151236   0.011905   0.047915  -0.048301   0.009512  -0.002464 
 -0.015885   0.220401   0.279089  -0.125077   0.054202  -0.039477   0.020224  -0.002618  -0.017949   0.001547  -0.031914  -0.004068 
  0.088505   0.209026   0.241956  -0.072365   0.065546  -0.029851   0.104390  -0.011375  -0.037133   0.052712   0.011344   0.009626 
  0.089459   0.213870   0.254106  -0.069500   0.068870  -0.026184   0.000954   0.004844   0.012150   0.002865   0.003324   0.003667 
  0.039046   0.215800   0.273778  -0.068640   0.073396  -0.059931  -0.050413   0.001930   0.019672   0.000860   0.004526  -0.033747 
 -0.026715   0.209142   0.238469  -0.058327   0.052827  -0.051337  -0.065761  -0.006658  -0.035309   0.010313  -0.020569   0.008594 
 -0.033966   0.206556   0.241445  -0.050420   0.029507  -0.063083  -0.007251  -0.002586   0.002976   0.007907  -0.023320  -0.011746 
  0.030102   0.202586   0.215058  -0.042055   0.044290  -0.073396   0.064068  -0.003970  -0.026387   0.008365   0.014783  -0.010313 
  0.058838   0.205627   0.234022  -0.038274   0.050478  -0.071849   0.028736   0.003041   0.018964   0.003781   0.006188   0.001547 
  0.036707   0.207354   0.237877   0.000000   0.057181  -0.049561  -0.022131   0.001727   0.003855   0.038274   0.006703   0.022288 
  0.014922   0.194539   0.243783  -0.062395   0.048988  -0.079813  -0.021785  -0.012815   0.005906  -0.062395  -0.008193  -0.030252 
 -0.048075   0.207641   0.254452  -0.057296   0.030138  -0.064171  -0.062997   0.013102   0.010669   0.005099  -0.018850   0.015642 
 -0.005958   0.207460   0.246627  -0.063484   0.039248  -0.059187   0.042117  -0.000181  -0.007825  -0.006188   0.009110   0.004984 
  0.033473   0.203514   0.227057  -0.045722   0.048873  -0.077464   0.039431  -0.003946  -0.019570   0.017762   0.009625  -0.018277 
  0.033574   0.207892   0.246848  -0.054889   0.061249  -0.054889   0.000101   0.004378   0.019791  -0.009167   0.012376   0.022575 
  0.019707   0.210956   0.262936  -0.060447   0.062281  -0.056379  -0.013867   0.003064   0.016088  -0.005558   0.001032  -0.001490 
 -0.025794   0.218882   0.285772  -0.111154   0.029335  -0.076948  -0.045501   0.007926   0.022836  -0.050707  -0.032946  -0.020569 
 -0.028050   0.223010   0.288079  -0.126853   0.000000  -0.075401  -0.002256   0.004128   0.002307  -0.015699  -0.029335   0.001547 
  0.039460   0.217226   0.250382  -0.072995   0.056780  -0.049847   0.067510  -0.005784  -0.037697   0.053858   0.056780   0.025554 
  0.033965   0.220409   0.265845  -0.062624   0.047154  -0.072078  -0.005495   0.003183   0.015463   0.010371  -0.009626  -0.022231 
  0.023802   0.223590   0.250204  -0.066979   0.062796  -0.049389  -0.010163   0.003181  -0.015641  -0.004355   0.015642   0.022689 
  0.026761   0.223167   0.275189  -0.095111   0.065145  -0.050019   0.002959  -0.000423   0.024985  -0.028132   0.002349  -0.000630 
 -0.046108   0.236859   0.329734  -0.131780   0.051566  -0.047040  -0.072869   0.013692   0.054545  -0.036669  -0.013579   0.002979 
 -0.003748   0.243632   0.310775  -0.115795   0.046410  -0.067953   0.042360   0.006773  -0.018959   0.015985  -0.005156  -0.020913 
  0.064989   0.237065   0.289424  -0.112873   0.070760  -0.030940   0.068737  -0.006567  -0.021351   0.002922   0.024350   0.037013 
  0.069618   0.244302   0.282612  -0.115909   0.073568  -0.028877   0.004629   0.007237  -0.006812  -0.003036   0.002808   0.002063 
  0.068493   0.239357   0.314997  -0.141005   0.073625  -0.052655  -0.001125  -0.004945   0.032385  -0.025096   0.000057  -0.023778 
  0.042552   0.243809   0.318237  -0.152636   0.063942  -0.051566  -0.025941   0.004452   0.003240  -0.011631  -0.009683   0.001089 
 -0.030522   0.239310   0.328000  -0.151719   0.029908  -0.085714  -0.073074  -0.004499   0.009763   0.000917  -0.034034  -0.034148 
 -0.003826   0.232067   0.274373  -0.111268   0.039362  -0.042055   0.026696  -0.007243  -0.053627   0.040451   0.009454   0.043659 
  0.046860   0.219044   0.262884  -0.086517   0.050077  -0.040336   0.050686  -0.013023  -0.011489   0.024751   0.010715   0.001719 
  0.044769   0.218563   0.265620  -0.088178   0.056952  -0.038274  -0.002091  -0.000481   0.002736  -0.001661   0.006875   0.002062 
  0.045342   0.219548   0.271227  -0.081417   0.063025  -0.041425   0.000573   0.000985   0.005607   0.006761   0.006073  -0.003151 
 -0.014305   0.217034   0.287367  -0.121696   0.058957  -0.094710  -0.059647  -0.002514   0.016140  -0.040279  -0.004068  -0.053285 
 -0.015324   0.228600   0.297179  -0.137739   0.000000  -0.042915  -0.001019   0.011566   0.009812  -0.016043  -0.058957   0.051795 
  0.021831   0.222769   0.272317  -0.105653   0.048358  -0.042571   0.037155  -0.005831  -0.024862   0.032086   0.048358   0.000344 
  0.064459   0.221725   0.261779  -0.095111   0.059530  -0.035581   0.042628  -0.001044  -0.010538   0.010542   0.011172   0.006990 
  0.062118   0.218851   0.267564  -0.111555   0.055806  -0.046524  -0.002341  -0.002874   0.005785  -0.016444  -0.003724  -0.010943 
  0.009124   0.227022   0.282964  -0.114019   0.058041  -0.031914  -0.052994   0.008171   0.015400  -0.002464   0.002235   0.014610 
 -0.041349   0.227134   0.314457  -0.147078   0.028762  -0.044519  -0.050473   0.000112   0.031493  -0.033059  -0.029279  -0.012605 
 -0.025371   0.220929   0.278897  -0.134874   0.000000  -0.097288   0.015978  -0.006205  -0.035560   0.012204  -0.028762  -0.052769 
  0.086175   0.211865   0.258122  -0.098491   0.058556  -0.052598   0.111546  -0.009064  -0.020775   0.036383   0.058556   0.044690 
  0.048261   0.214484   0.260445  -0.057353   0.049274  -0.044462  -0.037914   0.002619   0.002323   0.041138  -0.009282   0.008136 
  0.037537   0.208869   0.263897  -0.106169   0.047555  -0.061822  -0.010724  -0.005615   0.003452  -0.048816  -0.001719  -0.017360 
 -0.035120   0.214083   0.301841  -0.134530   0.030825  -0.053858  -0.072657   0.005214   0.037944  -0.028361  -0.016730   0.007964 
 -0.041670   0.213265   0.250691  -0.105883   0.029393  -0.057754  -0.006550  -0.000818  -0.051150   0.028647  -0.001432  -0.003896 
  0.040559   0.213956   0.232733  -0.074771   0.042513  -0.050478   0.082229   0.000691  -0.017958   0.031112   0.013120   0.007276 
  0.044194   0.213266   0.241982  -0.063541   0.054374  -0.047498   0.003635  -0.000690   0.009249   0.011230   0.011861   0.002980 
  0.019804   0.215244   0.260976  -0.072422   0.056837  -0.051051  -0.024390   0.001978   0.018994  -0.008881   0.002463  -0.003553 
 -0.037193   0.221838   0.272754  -0.104622   0.032830  -0.061994  -0.056997   0.006594   0.011778  -0.032200  -0.024007  -0.010943 
 -0.049152   0.222235   0.257080  -0.100726   0.000000  -0.065661  -0.011959   0.000397  -0.015674   0.003896  -0.032830  -0.003667 
  0.035565   0.212861   0.231128  -0.067380   0.037242  -0.080329   0.084717  -0.009374  -0.025952   0.033346   0.037242  -0.014668 
  0.046936   0.215336   0.240890  -0.060332   0.046639  -0.078323   0.011371   0.002475   0.009762   0.007048   0.009397   0.002006 
  0.037593   0.216537   0.254225  -0.057238   0.053056  -0.055290  -0.009343   0.001201   0.013335   0.003094   0.006417   0.023033 
 -0.006462   0.218591   0.262340  -0.091043   0.043602  -0.064973  -0.044055   0.002054   0.008115  -0.033805  -0.009454  -0.009683 
 -0.049351   0.218486   0.261136  -0.089038   0.032258  -0.085600  -0.042889  -0.000105  -0.001204   0.002005  -0.011344  -0.020627 
  0.039839   0.215982   0.228980  -0.069557   0.044290  -0.056322   0.089190  -0.002504  -0.032156   0.019481   0.012032   0.029278 
  0.039628   0.214848   0.247968  -0.069672   0.050478  -0.071219  -0.000211  -0.001134   0.018988  -0.000115   0.006188  -0.014897 
  0.030921   0.221270   0.258966  -0.068182   0.059588  -0.069614  -0.008707   0.006422   0.010998   0.001490   0.009110   0.001605 
 -0.032885   0.224673   0.291507  -0.102617   0.040107  -0.078037  -0.063806   0.003403   0.032541  -0.034435  -0.019481  -0.008423 
 -0.040090   0.217712   0.275037  -0.124446   0.000000  -0.076834  -0.007205  -0.006961  -0.016470  -0.021829  -0.040107   0.001203 
  0.038023   0.221522   0.237596  -0.078896   0.049733  -0.051681   0.078113   0.003810  -0.037441   0.045550   0.049733   0.025153 
  0.043109   0.220611   0.244757  -0.065088   0.053629  -0.048300   0.005086  -0.000911   0.007161   0.013808   0.003896   0.003381 
  0.040947   0.222309   0.257069  -0.063713   0.051566  -0.042915  -0.002162   0.001698   0.012312   0.001375  -0.002063   0.005385 
 -0.012685   0.222601   0.275214  -0.103591   0.033346  -0.068411  -0.053632   0.000292   0.018145  -0.039878  -0.018220  -0.025496 
 -0.046468   0.222874   0.270147  -0.115566   0.000000  -0.098320  -0.033783   0.000273  -0.005067  -0.011975  -0.033346  -0.029909 
  0.037562   0.219366   0.245679  -0.092876   0.040680  -0.070015   0.084030  -0.003508  -0.024468   0.022690   0.040680   0.028305 
  0.080976   0.221092   0.261101  -0.092418   0.059874  -0.063656   0.043414   0.001726   0.015422   0.000458   0.019194   0.006359 
  0.039336   0.231600   0.276089  -0.085027   0.014668  -0.061765  -0.041640   0.010508   0.014988   0.007391  -0.045206   0.001891 
 -0.024812   0.237160   0.315236  -0.135046   0.046295  -0.040737  -0.064148   0.005560   0.039147  -0.050019   0.031627   0.021028 
 -0.027280   0.244681   0.305663  -0.140776   0.028762  -0.081188  -0.002468   0.007521  -0.009573  -0.005730  -0.017533  -0.040451 
  0.043184   0.230475   0.244441  -0.102559   0.051051  -0.039076   0.070464  -0.014206  -0.061222   0.038217   0.022289   0.042112 
  0.041054   0.233659   0.264196  -0.076261   0.063484  -0.064916  -0.002130   0.003184   0.019755   0.026298   0.012433  -0.025840 
  0.030969   0.228987   0.244174  -0.061593   0.052139  -0.052540  -0.010085  -0.004672  -0.020022   0.014668  -0.011345   0.012376 
 -0.040348   0.229789   0.262365  -0.075287   0.000000  -0.081303  -0.071317   0.000802   0.018191  -0.013694  -0.052139  -0.028763 
 -0.045173   0.225870   0.247927  -0.059759   0.000000  -0.084798  -0.004825  -0.003919  -0.014438   0.015528   0.000000  -0.003495 
  0.022685   0.223991   0.222862  -0.052426   0.000000  -0.078782   0.067858  -0.001879  -0.025065   0.007333   0.000000   0.006016 
  0.041503   0.222762   0.243883  -0.052540   0.036727  -0.079412   0.018818  -0.001229   0.021021  -0.000114   0.036727  -0.000630 
  0.019940   0.216939   0.248129  -0.039649   0.044519  -0.085313  -0.021563  -0.005823   0.004246   0.012891   0.007792  -0.005901 
 -0.010284   0.221425   0.247784  -0.053629   0.028992  -0.093449  -0.030224   0.004486  -0.000345  -0.013980  -0.015527  -0.008136 
 -0.080610   0.227729   0.269267  -0.071849   0.000000  -0.101471  -0.070326   0.006304   0.021483  -0.018220  -0.028992  -0.008022 
 -0.052389   0.222490   0.247204  -0.061249   0.000000  -0.095799   0.028221  -0.005239  -0.022063   0.010600   0.000000   0.005672 
  0.028718   0.213543   0.242117  -0.052483   0.034893  -0.091902   0.081107  -0.008947  -0.005087   0.008766   0.034893   0.003897 
 -0.009667   0.214562   0.237543  -0.034893   0.038388  -0.090814  -0.038385   0.001019  -0.004574   0.017590   0.003495   0.001088 
 -0.011177   0.213033   0.237955  -0.047498   0.000000  -0.094767  -0.001510  -0.001529   0.000412  -0.012605  -0.038388  -0.003953 
 -0.073553   0.222918   0.259376  -0.067953   0.000000  -0.102846  -0.062376   0.009885   0.021421  -0.020455   0.000000  -0.008079 
 -0.046868   0.216981   0.235905  -0.057468   0.000000  -0.101986   0.026685  -0.005937  -0.023471   0.010485   0.000000   0.000860 
  0.024587   0.213558   0.218407  -0.042399   0.035351  -0.098148   0.071455  -0.003423  -0.017498   0.015069   0.035351   0.003838 
  0.020731   0.217382   0.225075  -0.034034   0.039649  -0.092934  -0.003856   0.003824   0.006668   0.008365   0.004298   0.005214 
 -0.010198   0.220195   0.243662  -0.038847   0.032888  -0.094423  -0.030929   0.002813   0.018587  -0.004813  -0.006761  -0.001489 
 -0.059298   0.231081   0.258013  -0.061020   0.000000  -0.102216  -0.049100   0.010886   0.014351  -0.022173  -0.032888  -0.007793 
 -0.054161   0.234445   0.261172  -0.073109   0.000000  -0.108747   0.005137   0.003364   0.003159  -0.012089   0.000000  -0.006531 
  0.011957   0.218312   0.228196  -0.046009   0.030825  -0.101471   0.066118  -0.016133  -0.032976   0.027100   0.030825   0.007276 
 -0.011592   0.223895   0.240744  -0.038102   0.029794  -0.105252  -0.023549   0.005583   0.012548   0.007907  -0.001031  -0.003781 
 -0.011792   0.220687   0.254994  -0.036669   0.030195  -0.107143  -0.000200  -0.003208   0.014250   0.001433   0.000401  -0.001891 
 -0.095738   0.223060   0.258203  -0.066406   0.000000  -0.114076  -0.083946   0.002373   0.003209  -0.029737  -0.030195  -0.006933 
 -0.074978   0.227600   0.245335  -0.066979   0.000000  -0.117915   0.020760   0.004540  -0.012868  -0.000573   0.000000  -0.003839 
 -0.013351   0.218639   0.214073  -0.046009   0.000000  -0.112758   0.061627  -0.008961  -0.031262   0.020970   0.000000   0.005157 
 -0.011630   0.208460   0.247075  -0.042227   0.031856  -0.106456   0.001721  -0.010179   0.033002   0.003782   0.031856   0.006302 
 -0.062125   0.178906   0.227959  -0.053686   0.000000  -0.133671  -0.050495  -0.029554  -0.019116  -0.011459  -0.031856  -0.027215 
 -0.089241   0.189955   0.200885   0.000000   0.030367  -0.123071  -0.027116   0.011049  -0.027074   0.053686   0.030367   0.010600 
 -0.119027   0.192765   0.230324  -0.051165   0.000000  -0.132239  -0.029786   0.002810   0.029439  -0.051165  -0.030367  -0.009168 
 -0.113976   0.198616   0.233360  -0.071161   0.000000  -0.126165   0.005051   0.005851   0.003036  -0.019996   0.000000   0.006074 
 -0.013444   0.195899   0.196669  -0.039821   0.000000  -0.113618   0.100532  -0.002717  -0.036691   0.031340   0.000000   0.012547 
 -0.011990   0.188182   0.207809  -0.032659   0.040451  -0.110810   0.001454  -0.007717   0.011140   0.007162   0.040451   0.002808 
 -0.047236   0.190082   0.221220   0.000000   0.037070  -0.112242  -0.035246   0.001900   0.013411   0.032659  -0.003381  -0.001432 
 -0.100261   0.195857   0.230131  -0.043831   0.000000  -0.119003  -0.053025   0.005775   0.008911  -0.043831  -0.037070  -0.006761 
 -0.135219   0.216697   0.236293  -0.043316   0.000000  -0.105596  -0.034958   0.020840   0.006162   0.000515   0.000000   0.013407 
 -0.036504   0.203448   0.188049  -0.039534   0.000000  -0.110008   0.098715  -0.013249  -0.048244   0.003782   0.000000  -0.004412 
 -0.011911   0.215436   0.232621   0.000000   0.038847  -0.109091   0.024593   0.011988   0.044572   0.039534   0.038847   0.000917 
 -0.043008   0.216874   0.238197   0.000000   0.036555  -0.113045  -0.031097   0.001438   0.005576   0.000000  -0.002292  -0.003954 
 -0.091546   0.223236   0.224302   0.000000   0.033403  -0.116826  -0.048538   0.006362  -0.013895   0.000000  -0.003152  -0.003781 
 -0.138625   0.227324   0.266134  -0.049217   0.032945  -0.121352  -0.047079   0.004088   0.041832  -0.049217  -0.000458  -0.004526 
 -0.095648   0.222242   0.199734   0.000000   0.000000  -0.099294   0.042977  -0.005082  -0.066400   0.049217  -0.032945   0.022058 
 -0.013570   0.215355   0.229603   0.000000   0.000000  -0.115394   0.082078  -0.006887   0.029869   0.000000   0.000000  -0.016100 
 -0.041470   0.200068   0.246308  -0.031283   0.031112  -0.114592  -0.027900  -0.015287   0.016705  -0.031283   0.031112   0.000802 
 -0.078959   0.200214   0.241940  -0.038102   0.033575  -0.093850  -0.037489   0.000146  -0.004368  -0.006819   0.002463   0.020742 
 -0.118126   0.204276   0.249666  -0.056952   0.028820  -0.110581  -0.039167   0.004062   0.007726  -0.018850  -0.004755  -0.016731 
 -0.082358   0.192980   0.210897  -0.040222   0.000000  -0.124504   0.035768  -0.011296  -0.038769   0.016730  -0.028820  -0.013923 
 -0.014147   0.187113   0.215752  -0.038847   0.000000  -0.119920   0.068211  -0.005867   0.004855   0.001375   0.000000   0.004584 
 -0.033942   0.195810   0.209849   0.000000   0.000000  -0.116540  -0.019795   0.008697  -0.005903   0.038847   0.000000   0.003380 
 -0.061481   0.195104   0.234278  -0.032659   0.030997  -0.122556  -0.027539  -0.000706   0.024429  -0.032659   0.030997  -0.006016 
 -0.131461   0.201881   0.238229  -0.056322   0.000000  -0.115336  -0.069980   0.006777   0.003951  -0.023663  -0.030997   0.007220 
 -0.081123   0.199161   0.200757  -0.044977   0.000000  -0.122212   0.050338  -0.002720  -0.037472   0.011345   0.000000  -0.006876 
 -0.013981   0.199995   0.200475  -0.031914   0.000000  -0.118717   0.067142   0.000834  -0.000282   0.013063   0.000000   0.003495 
 -0.048579   0.204144   0.224359   0.000000   0.000000  -0.125707  -0.034598   0.004149   0.023884   0.031914   0.000000  -0.006990 
 -0.103195   0.214585   0.231376   0.000000   0.021314  -0.112242  -0.054616   0.010441   0.007017   0.000000   0.021314   0.013465 
 -0.149868   0.216603   0.255631  -0.033919   0.000000  -0.137624  -0.046673   0.002018   0.024255  -0.033919  -0.021314  -0.025382 
 -0.098962   0.209929   0.222975  -0.031799   0.000000  -0.131207   0.050906  -0.006674  -0.032656   0.002120   0.000000   0.006417 
 -0.012506   0.214855   0.226600   0.000000   0.034206  -0.114592   0.086456   0.004926   0.003625   0.031799   0.034206   0.016615 
 -0.015248   0.202347   0.234976  -0.041081   0.000000  -0.129259  -0.002742  -0.012508   0.008376  -0.041081  -0.034206  -0.014667 
 -0.059592   0.204675   0.243466  -0.039534   0.031570  -0.168621  -0.044344   0.002328   0.008490   0.001547   0.031570  -0.039362 
 -0.105778   0.220372   0.265492  -0.054947   0.000000  -0.140145  -0.046186   0.015697   0.022026  -0.015413  -0.031570   0.028476 
 -0.118234   0.219380   0.241071  -0.041482   0.000000  -0.121639  -0.012456  -0.000992  -0.024421   0.013465   0.000000   0.018506 
 -0.014862   0.201761   0.205887  -0.041368   0.000000  -0.126337   0.103372  -0.017619  -0.035184   0.000114   0.000000  -0.004698 
 -0.050298   0.197530   0.228222  -0.030539   0.037987  -0.169023  -0.035436  -0.004231   0.022335   0.010829   0.037987  -0.042686 
 -0.068277   0.198698   0.224588  -0.030195   0.039763  -0.115795  -0.017979   0.001168  -0.003634   0.000344   0.001776   0.053228 
 -0.104871   0.212177   0.239762  -0.040966   0.000000  -0.137395  -0.036594   0.013479   0.015174  -0.010771  -0.039763  -0.021600 
 -0.165421   0.221904   0.250793  -0.048472   0.000000  -0.145531  -0.060550   0.009727   0.011031  -0.007506   0.000000  -0.008136 
 -0.098890   0.213666   0.210848  -0.030367   0.010829  -0.116139   0.066531  -0.008238  -0.039945   0.018105   0.010829   0.029392 
 -0.015727   0.217789   0.217741   0.000000   0.000000  -0.133155   0.083163   0.004123   0.006893   0.030367  -0.010829  -0.017016 
 -0.045988   0.221125   0.239213   0.000000   0.034549  -0.117113  -0.030261   0.003336   0.021472   0.000000   0.034549   0.016042 
 -0.094227   0.222269   0.250400  -0.055577   0.012548  -0.128056  -0.048239   0.001144   0.011187  -0.055577  -0.022001  -0.010943 
 -0.160147   0.228552   0.270436  -0.065432   0.000000  -0.143641  -0.065920   0.006283   0.020036  -0.009855  -0.012548  -0.015585 
 -0.049745   0.216003   0.232739  -0.045264   0.000000  -0.128514   0.110402  -0.012549  -0.037697   0.020168   0.000000   0.015127 
 -0.018629   0.205146   0.237204  -0.054546   0.037242  -0.167762   0.031116  -0.010857   0.004465  -0.009282   0.037242  -0.039248 
 -0.056632   0.203517   0.250949  -0.062166   0.033002  -0.113618  -0.038003  -0.001629   0.013745  -0.007620  -0.004240   0.054144 
 -0.063585   0.216417   0.259274  -0.061077   0.023090  -0.115680  -0.006953   0.012900   0.008325   0.001089  -0.009912  -0.002062 
 -0.160626   0.221606   0.269666  -0.066864   0.000000  -0.142724  -0.097041   0.005189   0.010392  -0.005787  -0.023090  -0.027044 
 -0.071821   0.211246   0.229638  -0.043373   0.000000  -0.131265   0.088805  -0.010360  -0.040028   0.023491   0.000000   0.011459 
 -0.015528   0.209444   0.229988  -0.070015   0.000000  -0.130921   0.056293  -0.001802   0.000350  -0.026642   0.000000   0.000344 
 -0.015501   0.197518   0.229200  -0.061536   0.000000  -0.130749   0.000027  -0.011926  -0.000788   0.008479   0.000000   0.000172 
 -0.053498   0.197424   0.240681  -0.062395   0.031627  -0.115050  -0.037997  -0.000094   0.011481  -0.000859   0.031627   0.015699 
 -0.126953   0.197768   0.244627  -0.075917   0.026643  -0.135906  -0.073455   0.000344   0.003946  -0.013522  -0.004984  -0.020856 
 -0.110237   0.197752   0.218761  -0.073339   0.028190  -0.129145   0.016716  -0.000016  -0.025866   0.002578   0.001547   0.006761 
 -0.016427   0.189189   0.205866  -0.065718   0.000000  -0.138197   0.093810  -0.008563  -0.012895   0.007621  -0.028190  -0.009052 
 -0.037235   0.194026   0.229063  -0.056608   0.044003  -0.119233  -0.020808   0.004837   0.023197   0.009110   0.044003   0.018964 
 -0.062746   0.197885   0.243546  -0.064343   0.038560  -0.124504  -0.025511   0.003859   0.014483  -0.007735  -0.005443  -0.005271 
 -0.148762   0.215379   0.250261  -0.066692   0.030539  -0.135848  -0.086016   0.017494   0.006715  -0.002349  -0.008021  -0.011344 
 -0.077630   0.202824   0.209256  -0.068698   0.014897  -0.121410   0.071132  -0.012555  -0.041005  -0.002006  -0.015642   0.014438 
 -0.016027   0.199120   0.209396  -0.057640   0.000000  -0.134989   0.061603  -0.003704   0.000140   0.011058  -0.014897  -0.013579 
 -0.048735   0.211248   0.234922  -0.038961   0.045837  -0.112644  -0.032708   0.012128   0.025526   0.018679   0.045837   0.022345 
 -0.093093   0.215240   0.248872  -0.060791   0.026757  -0.124905  -0.044358   0.003992   0.013950  -0.021830  -0.019080  -0.012261 
 -0.143622   0.220617   0.246021  -0.068583   0.027502  -0.128801  -0.050529   0.005377  -0.002851  -0.007792   0.000745  -0.003896 
 -0.044255   0.202899   0.204293  -0.061192   0.000000  -0.129202   0.099367  -0.017718  -0.041728   0.007391  -0.027502  -0.000401 
 -0.033910   0.201399   0.234610  -0.060963   0.050191  -0.115451   0.010345  -0.001500   0.030317   0.000229   0.050191   0.013751 
 -0.035275   0.214728   0.233606  -0.038331   0.051222  -0.113446  -0.001365   0.013329  -0.001004   0.022632   0.001031   0.002005 
 -0.103718   0.207449   0.238742  -0.078667   0.045321  -0.122728  -0.068443  -0.007279   0.005136  -0.040336  -0.005901  -0.009282 
 -0.132223   0.216806   0.248524  -0.061135   0.054603  -0.130978  -0.028505   0.009357   0.009782   0.017532   0.009282  -0.008250 
 -0.054630   0.213094   0.217397  -0.072594   0.037758  -0.116310   0.077593  -0.003712  -0.031127  -0.011459  -0.016845   0.014668 
 -0.014662   0.199932   0.224654  -0.062281   0.000000  -0.126223   0.039968  -0.013162   0.007257   0.010313  -0.037758  -0.009913 
 -0.013813   0.203310   0.232391  -0.062739   0.035810  -0.126624   0.000849   0.003378   0.007737  -0.000458   0.035810  -0.000401 
 -0.076100   0.216522   0.234946  -0.055577   0.042800  -0.125191  -0.062287   0.013212   0.002555   0.007162   0.006990   0.001433 
 -0.103300   0.224663   0.244686  -0.059072   0.033633  -0.115737  -0.027200   0.008141   0.009740  -0.003495  -0.009167   0.009454 
 -0.097821   0.221827   0.241399  -0.074083   0.032258  -0.094194   0.005479  -0.002836  -0.003287  -0.015011  -0.001375   0.021543 
 -0.013705   0.218182   0.220624  -0.076719   0.000000  -0.118029   0.084116  -0.003645  -0.020775  -0.002636  -0.032258  -0.023835 
 -0.013442   0.203707   0.229390  -0.069385   0.000000  -0.114763   0.000263  -0.014475   0.008766   0.007334   0.000000   0.003266 
 -0.012934   0.201896   0.232691  -0.079068   0.037586  -0.119805   0.000508  -0.001811   0.003301  -0.009683   0.037586  -0.005042 
 -0.112080   0.215162   0.265345  -0.088579   0.043545  -0.119462  -0.099146   0.013266   0.032654  -0.009511   0.005959   0.000343 
 -0.104513   0.211897   0.253446  -0.088808   0.000000  -0.114019   0.007567  -0.003265  -0.011899  -0.000229  -0.043545   0.005443 
 -0.014415   0.198632   0.203951  -0.080902   0.000000  -0.121238   0.090098  -0.013265  -0.049495   0.007906   0.000000  -0.007219 
 -0.013436   0.197258   0.208858  -0.068698   0.038961  -0.123014   0.000979  -0.001374   0.004907   0.012204   0.038961  -0.001776 
 -0.041386   0.201928   0.222812  -0.069099   0.035294  -0.127254  -0.027950   0.004670   0.013954  -0.000401  -0.003667  -0.004240 
 -0.114396   0.218614   0.244455  -0.073224   0.033060  -0.122384  -0.073010   0.016686   0.021643  -0.004125  -0.002234   0.004870 
 -0.142051   0.221305   0.225799  -0.075974   0.000000  -0.128457  -0.027655   0.002691  -0.018656  -0.002750  -0.033060  -0.006073 
 -0.053663   0.216802   0.198971  -0.044748   0.000000  -0.126280   0.088388  -0.004503  -0.026828   0.031226   0.000000   0.002177 
 -0.012626   0.216037   0.215719  -0.032258   0.045436  -0.118774   0.041037  -0.000765   0.016748   0.012490   0.045436   0.007506 
 -0.049675   0.213942   0.220871  -0.030195   0.033805  -0.119290  -0.037049  -0.002095   0.005152   0.002063  -0.011631  -0.000516 
 -0.090483   0.216781   0.230188  -0.049733   0.018392  -0.124332  -0.040808   0.002839   0.009317  -0.019538  -0.015413  -0.005042 
 -0.139759   0.220977   0.236662  -0.050306   0.018163  -0.134416  -0.049276   0.004196   0.006474  -0.000573  -0.000229  -0.010084 
 -0.081868   0.204217   0.194602  -0.053858   0.000000  -0.141291   0.057891  -0.016760  -0.042060  -0.003552  -0.018163  -0.006875 
 -0.013731   0.199474   0.195310  -0.046868   0.034779  -0.125936   0.068137  -0.004743   0.000708   0.006990   0.034779   0.015355 
 -0.054848   0.198582   0.206785  -0.039649   0.024179  -0.124217  -0.041117  -0.000892   0.011475   0.007219  -0.010600   0.001719 
 -0.107209   0.213526   0.209899   0.000000   0.029450  -0.136249  -0.052361   0.014944   0.003114   0.039649   0.005271  -0.012032 
 -0.163130   0.216160   0.215028  -0.041941   0.000000  -0.140489  -0.055921   0.002634   0.005129  -0.041941  -0.029450  -0.004240 
 -0.110779   0.202470   0.190235  -0.051853   0.019710  -0.133958   0.052351  -0.013690  -0.024793  -0.009912   0.019710   0.006531 
 -0.047626   0.212634   0.203232   0.000000   0.026700  -0.127941   0.063153   0.010164   0.012997   0.051853   0.006990   0.006017 
 -0.053611   0.212143   0.212063   0.000000   0.030653  -0.134301  -0.005985  -0.000491   0.008831   0.000000   0.003953  -0.006360 
 -0.103625   0.214500   0.204926   0.000000   0.014095  -0.131093  -0.050014   0.002357  -0.007137   0.000000  -0.016558   0.003208 
 -0.157113   0.215181   0.225079  -0.041482   0.041310  -0.144042  -0.053488   0.000681   0.020153  -0.041482   0.027215  -0.012949 
 -0.110053   0.212452   0.204225  -0.029565   0.020970  -0.139057   0.047060  -0.002729  -0.020854   0.011917  -0.020340   0.004985 
 -0.014146   0.198854   0.196161  -0.037987   0.030424  -0.128228   0.095907  -0.013598  -0.008064  -0.008422   0.009454   0.010829 
 -0.040814   0.201872   0.208445  -0.039477   0.033461  -0.127426  -0.026668   0.003018   0.012284  -0.001490   0.003037   0.000802 
 -0.086582   0.213050   0.208885   0.000000   0.016272  -0.124676  -0.045768   0.011178   0.000440   0.039477  -0.017189   0.002750 
 -0.119020   0.215250   0.223215  -0.038331   0.043373  -0.139458  -0.032438   0.002200   0.014330  -0.038331   0.027101  -0.014782 
 -0.134266   0.215553   0.205727  -0.048358   0.040164  -0.141062  -0.015246   0.000303  -0.017488  -0.010027  -0.003209  -0.001604 
 -0.059817   0.200735   0.165960  -0.045894   0.013063  -0.159569   0.074449  -0.014818  -0.039767   0.002464  -0.027101  -0.018507 
 -0.048696   0.212060   0.199465   0.000000   0.028361  -0.135734   0.011121   0.011325   0.033505   0.045894   0.015298   0.023835 
 -0.096243   0.215153   0.199141   0.000000   0.032601  -0.135447  -0.047547   0.003093  -0.000324   0.000000   0.004240   0.000287 
 -0.112561   0.213510   0.201295  -0.030882   0.024809  -0.137166  -0.016318  -0.001643   0.002154  -0.030882  -0.007792  -0.001719 
 -0.160761   0.223331   0.222470  -0.047613   0.000000  -0.146677  -0.048200   0.009821   0.021175  -0.016731  -0.024809  -0.009511 
 -0.102396   0.213713   0.190457  -0.031054   0.015584  -0.139343   0.058365  -0.009618  -0.032013   0.016559   0.015584   0.007334 
 -0.059218   0.216050   0.189876   0.000000   0.014610  -0.131207   0.043178   0.002337  -0.000581   0.031054  -0.000974   0.008136 
 -0.091293   0.216483   0.195048   0.000000   0.019309  -0.132697  -0.032075   0.000433   0.005172   0.000000   0.004699  -0.001490 
 -0.099899   0.217182   0.204319   0.000000   0.019882  -0.136708  -0.008606   0.000699   0.009271   0.000000   0.000573  -0.004011 
 -0.164113   0.220634   0.214779  -0.048644   0.000000  -0.145417  -0.064214   0.003452   0.010460  -0.048644  -0.019882  -0.008709 
 -0.128105   0.216227   0.194583  -0.045951   0.002120  -0.138598   0.036008  -0.004407  -0.020196   0.002693   0.002120   0.006819 
 -0.053380   0.204287   0.169848  -0.048816   0.012376  -0.130462   0.074725  -0.011940  -0.024735  -0.002865   0.010256   0.008136 
 -0.060082   0.201749   0.196047  -0.040565   0.013407  -0.133728  -0.006702  -0.002538   0.026199   0.008251   0.001031  -0.003266 
 -0.073632   0.198972   0.196005  -0.042685   0.004354  -0.131093  -0.013550  -0.002777  -0.000042  -0.002120  -0.009053   0.002635 
 -0.114671   0.202486   0.196440  -0.062624   0.005901  -0.140375  -0.041039   0.003514   0.000435  -0.019939   0.001547  -0.009282 
 -0.170719   0.218311   0.227387  -0.062567   0.001203  -0.152922  -0.056048   0.015825   0.030947   0.000057  -0.004698  -0.012547 
 -0.120409   0.212596   0.173306  -0.055921   0.000573  -0.143469   0.050310  -0.005715  -0.054081   0.006646  -0.000630   0.009453 
 -0.066680   0.207832   0.168580  -0.047957   0.004240  -0.156933   0.053729  -0.004764  -0.004726   0.007964   0.003667  -0.013464 
 -0.064719   0.205730   0.184431  -0.042513   0.003610  -0.132812   0.001961  -0.002102   0.015851   0.005444  -0.000630   0.024121 
 -0.098544   0.212481   0.203350  -0.028648   0.019595  -0.141692  -0.033825   0.006751   0.018919   0.013865   0.015985  -0.008880 
 -0.175218   0.217015   0.208364  -0.050649  -0.002235  -0.150287  -0.076674   0.004534   0.005014  -0.022001  -0.021830  -0.008595 
 -0.154592   0.216485   0.202025  -0.044576   0.000000  -0.152178   0.020626  -0.000530  -0.006339   0.006073   0.002235  -0.001891 
 -0.093451   0.201782   0.172055  -0.045951  -0.005271  -0.159913   0.061141  -0.014703  -0.029970  -0.001375  -0.005271  -0.007735 
 -0.093000   0.209385   0.194347   0.000000  -0.004125  -0.142094   0.000451   0.007603   0.022292   0.045951   0.001146   0.017819 
 -0.104006   0.213436   0.191826   0.000000   0.010141  -0.143927  -0.011006   0.004051  -0.002521   0.000000   0.014266  -0.001833 
 -0.168386   0.215330   0.221879  -0.043545   0.000000  -0.157678  -0.064380   0.001894   0.030053  -0.043545  -0.010141  -0.013751 
 -0.202482   0.211549   0.207333  -0.079183   0.000000  -0.181398  -0.034096  -0.003781  -0.014546  -0.035638   0.000000  -0.023720 
 -0.126437   0.206514   0.164134  -0.051738   0.000000  -0.185352   0.076045  -0.005035  -0.043199   0.027445   0.000000  -0.003954 
 -0.120264   0.204383   0.187626  -0.048816   0.000000  -0.199618   0.006173  -0.002131   0.023492   0.002922   0.000000  -0.014266 
 -0.169121   0.211940   0.193729  -0.045779   0.000000  -0.213713  -0.048857   0.007557   0.006103   0.003037   0.000000  -0.014095 
 -0.207257   0.214165   0.194343  -0.062968   0.000000  -0.221505  -0.038136   0.002225   0.000614  -0.017189   0.000000  -0.007792 
 -0.252336   0.224344   0.225255  -0.074198   0.000000  -0.235658  -0.045079   0.010179   0.030912  -0.011230   0.000000  -0.014153 
 -0.229927   0.219623   0.184991  -0.078553  -0.031971  -0.236803   0.022409  -0.004721  -0.040264  -0.004355  -0.031971  -0.001145 
 -0.138422   0.208542   0.184149  -0.071677   0.000000  -0.227980   0.091505  -0.011081  -0.000842   0.006876   0.031971   0.008823 
 -0.178856   0.212322   0.187267  -0.058327   0.000000  -0.221677  -0.040434   0.003780   0.003118   0.013350   0.000000   0.006303 
 -0.181014   0.212873   0.192907  -0.066234   0.001089  -0.219443  -0.002158   0.000551   0.005640  -0.007907   0.001089   0.002234 
 -0.237358   0.213986   0.215430  -0.058728  -0.028820  -0.243908  -0.056344   0.001113   0.022523   0.007506  -0.029909  -0.024465 
 -0.246574   0.218086   0.206129  -0.062796  -0.040107  -0.240470  -0.009216   0.004100  -0.009301  -0.004068  -0.011287   0.003438 
 -0.182438   0.208377   0.179066  -0.073510   0.000000  -0.236460   0.064136  -0.009709  -0.027063  -0.010714   0.040107   0.004010 
 -0.163392   0.206355   0.186036  -0.063770   0.000000  -0.231475   0.019046  -0.002022   0.006970   0.009740   0.000000   0.004985 
 -0.182704   0.207396   0.183411  -0.066807   0.000000  -0.231876  -0.019312   0.001041  -0.002625  -0.003037   0.000000  -0.000401 
 -0.180437   0.207499   0.192909  -0.064802   0.000516  -0.226949   0.002267   0.000103   0.009498   0.002005   0.000516   0.004927 
 -0.239232   0.217917   0.204541  -0.073339  -0.014954  -0.240069  -0.058795   0.010418   0.011632  -0.008537  -0.015470  -0.013120 
 -0.280272   0.221325   0.191756  -0.069156  -0.034435  -0.248091  -0.041040   0.003408  -0.012785   0.004183  -0.019481  -0.008022 
 -0.195669   0.209502   0.167226  -0.069958  -0.037987  -0.260925   0.084603  -0.011823  -0.024530  -0.000802  -0.003552  -0.012834 
 -0.166875   0.211223   0.173786  -0.059244   0.000000  -0.232678   0.028794   0.001721   0.006560   0.010714   0.037987   0.028247 
 -0.176259   0.208893   0.185444  -0.067036   0.000000  -0.229985  -0.009384  -0.002330   0.011658  -0.007792   0.000000   0.002693 
 -0.194836   0.203382   0.186059  -0.074886   0.000000  -0.229756  -0.018577  -0.005511   0.000615  -0.007850   0.000000   0.000229 
 -0.250416   0.222202   0.200219  -0.063713  -0.037586  -0.232850  -0.055580   0.018820   0.014160   0.011173  -0.037586  -0.003094 
 -0.261515   0.219799   0.182417  -0.061077  -0.010886  -0.232048  -0.011099  -0.002403  -0.017802   0.002636   0.026700   0.000802 
 -0.167509   0.205951   0.161061  -0.069557   0.000000  -0.232392   0.094006  -0.013848  -0.021356  -0.008480   0.010886  -0.000344 
 -0.171370   0.204678   0.171916  -0.061077   0.000000  -0.232220  -0.003861  -0.001273   0.010855   0.008480   0.000000   0.000172 
 -0.189385   0.202482   0.184432  -0.059817   0.000000  -0.222480  -0.018015  -0.002196   0.012516   0.001260   0.000000   0.009740 
 -0.221228   0.208336   0.194096  -0.082048   0.000000  -0.242762  -0.031843   0.005854   0.009664  -0.022231   0.000000  -0.020282 
 -0.284662   0.221049   0.193334  -0.073912  -0.032830  -0.256055  -0.063434   0.012713  -0.000762   0.008136  -0.032830  -0.013293 
 -0.231862   0.211072   0.180909  -0.077349  -0.040852  -0.242361   0.052800  -0.009977  -0.012425  -0.003437  -0.008022   0.013694 
 -0.170120   0.186738   0.173894  -0.072422  -0.029507  -0.248320   0.061742  -0.024334  -0.007015   0.004927   0.011345  -0.005959 
 -0.190492   0.211036   0.180891  -0.052884   0.000000  -0.240814  -0.020372   0.024298   0.006997   0.019538   0.029507   0.007506 
 -0.213833   0.216916   0.187737  -0.074026   0.000000  -0.265967  -0.023341   0.005880   0.006846  -0.021142   0.000000  -0.025153 
 -0.272908   0.223354   0.213064  -0.089725  -0.036727  -0.250554  -0.059075   0.006438   0.025327  -0.015699  -0.036727   0.015413 
 -0.272656   0.228267   0.187135  -0.069729  -0.041539  -0.253477   0.000252   0.004913  -0.025929   0.019996  -0.004812  -0.002923 
 -0.178092   0.214922   0.165119  -0.075229   0.000000  -0.238350   0.094564  -0.013345  -0.022016  -0.005500   0.041539   0.015127 
 -0.184751   0.211047   0.170690  -0.065661   0.000000  -0.234512  -0.006659  -0.003875   0.005571   0.009568   0.000000   0.003838 
 -0.188062   0.205582   0.175671  -0.072250   0.000000  -0.249351  -0.003311  -0.005465   0.004981  -0.006589   0.000000  -0.014839 
 -0.221772   0.213191   0.179276  -0.073625   0.000000  -0.237376  -0.033710   0.007609   0.003605  -0.001375   0.000000   0.011975 
 -0.271347   0.223233   0.191483  -0.065031  -0.037300  -0.234397  -0.049575   0.010042   0.012207   0.008594  -0.037300   0.002979 
 -0.251391   0.225810   0.183836  -0.067265  -0.040107  -0.238866   0.019956   0.002577  -0.007647  -0.002234  -0.002807  -0.004469 
 -0.184789   0.210237   0.159152  -0.063426   0.000000  -0.234053   0.066602  -0.015573  -0.024684   0.003839   0.040107   0.004813 
 -0.173424   0.203299   0.177844  -0.078094   0.000000  -0.227751   0.011365  -0.006938   0.018692  -0.014668   0.000000   0.006302 
 -0.181287   0.200281   0.159837  -0.061421   0.000000  -0.220073  -0.007863  -0.003018  -0.018007   0.016673   0.000000   0.007678 
 -0.219792   0.193479   0.155898  -0.057124   0.000000  -0.234855  -0.038505  -0.006802  -0.003939   0.004297   0.000000  -0.014782 
 -0.259243   0.208792   0.174646  -0.062109  -0.037930  -0.232850  -0.039451   0.015313   0.018748  -0.004985  -0.037930   0.002005 
 -0.252623   0.202484   0.154008  -0.059702  -0.035523  -0.231761   0.006620  -0.006308  -0.020638   0.002407   0.002407   0.001089 
 -0.161771   0.191957   0.130870  -0.069500   0.000000  -0.225688   0.090852  -0.010527  -0.023138  -0.009798   0.035523   0.006073 
 -0.181632   0.196112   0.135564  -0.064229   0.000000  -0.229355  -0.019861   0.004155   0.004694   0.005271   0.000000  -0.003667 
 -0.206495   0.188460   0.151626  -0.068354   0.000000  -0.232965  -0.024863  -0.007652   0.016062  -0.004125   0.000000  -0.003610 
 -0.248420   0.203754   0.166755  -0.070417   0.000000  -0.237606  -0.041925   0.015294   0.015129  -0.002063   0.000000  -0.004641 
 -0.293469   0.215537   0.173910  -0.089439  -0.034148  -0.249523  -0.045049   0.011783   0.007155  -0.019022  -0.034148  -0.011917 
 -0.243204   0.206394   0.145960  -0.068411   0.000000  -0.252674   0.050265  -0.009143  -0.027950   0.021028   0.034148  -0.003151 
 -0.177693   0.200425   0.146486  -0.071849   0.000000  -0.227923   0.065511  -0.005969   0.000526  -0.003438   0.000000   0.024751 
 -0.201447   0.197276   0.142302  -0.065890   0.000000  -0.229298  -0.023754  -0.003149  -0.004184   0.005959   0.000000  -0.001375 
 -0.217396   0.197857   0.155195  -0.056551   0.000000  -0.232506  -0.015949   0.000581   0.012893   0.009339   0.000000  -0.003208 
 -0.272620   0.209083   0.177663  -0.069271  -0.035982  -0.239210  -0.055224   0.011226   0.022468  -0.012720  -0.035982  -0.006704 
 -0.256799   0.213278   0.177304  -0.074886  -0.033862  -0.235600   0.015821   0.004195  -0.000359  -0.005615   0.002120   0.003610 
 -0.193515   0.197461   0.136155  -0.062682   0.000000  -0.230558   0.063284  -0.015817  -0.041149   0.012204   0.033862   0.005042 
 -0.192439   0.204067   0.147788  -0.070646   0.000000  -0.249237   0.001076   0.006606   0.011633  -0.007964   0.000000  -0.018679 
 -0.202595   0.197308   0.158564  -0.060218   0.000000  -0.229412  -0.010156  -0.006759   0.010776   0.010428   0.000000   0.019825 
 -0.237398   0.210246   0.169055  -0.057410   0.000000  -0.231475  -0.034803   0.012938   0.010491   0.002808   0.000000  -0.002063 
 -0.286333   0.218380   0.194381  -0.117800  -0.043602  -0.241502  -0.048935   0.008134   0.025326  -0.060390  -0.043602  -0.010027 
 -0.252708   0.215104   0.160138  -0.063140  -0.044633  -0.235600   0.033625  -0.003276  -0.034243   0.054660  -0.001031   0.005902 
 -0.195228   0.203519   0.137857  -0.059931  -0.032659  -0.244653   0.057480  -0.011585  -0.022281   0.003209   0.011974  -0.009053 
 -0.200686   0.205608   0.157402  -0.055061  -0.033805  -0.251013  -0.005458   0.002089   0.019545   0.004870  -0.001146  -0.006360 
 -0.217843   0.198353   0.157561  -0.069156  -0.030882  -0.260925  -0.017157  -0.007255   0.000159  -0.014095   0.002923  -0.009912 
 -0.244835   0.204946   0.162047  -0.065088  -0.003953  -0.238694  -0.026992   0.006593   0.004486   0.004068   0.026929   0.022231 
 -0.304246   0.211679   0.198759  -0.111097  -0.031742  -0.255425  -0.059411   0.006733   0.036712  -0.046009  -0.027789  -0.016731 
 -0.277136   0.207083   0.149853  -0.060963  -0.021486  -0.246830   0.027110  -0.004596  -0.048906   0.050134   0.010256   0.008595 
 -0.203218   0.197665   0.127191  -0.057582  -0.039534  -0.238866   0.073918  -0.009418  -0.022662   0.003381  -0.018048   0.007964 
 -0.205975   0.199198   0.142411  -0.066520  -0.041138  -0.232735  -0.002757   0.001533   0.015220  -0.008938  -0.001604   0.006131 
 -0.229382   0.200043   0.149151  -0.067036  -0.038560  -0.241960  -0.023407   0.000845   0.006740  -0.000516   0.002578  -0.009225 
 -0.289707   0.210676   0.168747  -0.068870  -0.032086  -0.249065  -0.060325   0.010633   0.019596  -0.001834   0.006474  -0.007105 
 -0.314260   0.216777   0.167019  -0.081646  -0.041941  -0.260810  -0.024553   0.006101  -0.001728  -0.012776  -0.009855  -0.011745 
 -0.239565   0.200430   0.144228  -0.068640  -0.050363  -0.246200   0.074695  -0.016347  -0.022791   0.013006  -0.008422   0.014610 
 -0.197053   0.194698   0.142689  -0.059244  -0.036268  -0.241101   0.042512  -0.005732  -0.001539   0.009396   0.014095   0.005099 
 -0.194663   0.195845   0.143837  -0.061249   0.000000  -0.238580   0.002390   0.001147   0.001148  -0.002005   0.036268   0.002521 
 -0.222843   0.212018   0.170311  -0.064458  -0.035409  -0.240585  -0.028180   0.016173   0.026474  -0.003209  -0.035409  -0.002005 
 -0.280215   0.221259   0.192625  -0.090699  -0.036039  -0.249752  -0.057372   0.009241   0.022314  -0.026241  -0.000630  -0.009167 
 -0.235997   0.226125   0.180557  -0.077922  -0.037586  -0.234913   0.044218   0.004866  -0.012068   0.012777  -0.001547   0.014839 
 -0.194600   0.222491   0.155240  -0.061077   0.000000  -0.230616   0.041397  -0.003634  -0.025317   0.016845   0.037586   0.004297 
 -0.178653   0.231306   0.173299  -0.069385   0.000000  -0.216120   0.015947   0.008815   0.018059  -0.008308   0.000000   0.014496 
 -0.189158   0.232396   0.176227  -0.079698   0.000000  -0.228209  -0.010505   0.001090   0.002928  -0.010313   0.000000  -0.012089 
 -0.193432   0.234919   0.212806  -0.120608   0.000000  -0.228954  -0.004274   0.002523   0.036579  -0.040910   0.000000  -0.000745 
 -0.240361   0.244025   0.252309  -0.143354   0.000000  -0.249924  -0.046929   0.009106   0.039503  -0.022746   0.000000  -0.020970 
 -0.235442   0.233154   0.211659  -0.128171  -0.031971  -0.235085   0.004919  -0.010871  -0.040650   0.015183  -0.031971   0.014839 
 -0.178935   0.221515   0.169192  -0.080844   0.000000  -0.225459   0.056507  -0.011639  -0.042467   0.047327   0.031971   0.009626 
 -0.176551   0.224383   0.185041  -0.079584   0.000000  -0.229470   0.002384   0.002868   0.015849   0.001260   0.000000  -0.004011 
 -0.204640   0.224854   0.193085  -0.083652   0.000000  -0.230902  -0.028089   0.000471   0.008044  -0.004068   0.000000  -0.001432 
 -0.243989   0.226161   0.216106  -0.146162  -0.029737  -0.245226  -0.039349   0.001307   0.023021  -0.062510  -0.029737  -0.014324 
 -0.248779   0.223472   0.201673  -0.138713   0.000000  -0.244653  -0.004790  -0.002689  -0.014433   0.007449   0.029737   0.000573 
 -0.187628   0.218264   0.176996  -0.084454   0.000000  -0.228209   0.061151  -0.005208  -0.024677   0.054259   0.000000   0.016444 
 -0.179190   0.219134   0.182220  -0.085485   0.000000  -0.233137   0.008438   0.000870   0.005224  -0.001031   0.000000  -0.004928 
 -0.203798   0.216989   0.200965  -0.119691   0.000000  -0.232048  -0.024608  -0.002145   0.018745  -0.034206   0.000000   0.001089 
 -0.271505   0.230208   0.237292  -0.161517   0.000000  -0.273358  -0.067707   0.013219   0.036327  -0.041826   0.000000  -0.041310 
 -0.250823   0.228382   0.212005  -0.121295   0.000000  -0.252617   0.020682  -0.001826  -0.025287   0.040222   0.000000   0.020741 
 -0.142626   0.216791   0.191418  -0.117170   0.000000  -0.245971   0.108197  -0.011591  -0.020587   0.004125   0.000000   0.006646 
 -0.157763   0.214275   0.178442  -0.116482   0.000000  -0.222078  -0.015137  -0.002516  -0.012976   0.000688   0.000000   0.023893 
 -0.163549   0.219083   0.192527  -0.115107   0.000000  -0.211536  -0.005786   0.004808   0.014085   0.001375   0.000000   0.010542 
 -0.218636   0.221524   0.234494  -0.160142   0.000000  -0.233709  -0.055087   0.002441   0.041967  -0.045035   0.000000  -0.022173 
 -0.253314   0.227403   0.230842  -0.182430   0.000000  -0.248091  -0.034678   0.005879  -0.003652  -0.022288   0.000000  -0.014382 
 -0.194391   0.224853   0.195530  -0.113159   0.000000  -0.233137   0.058923  -0.002550  -0.035312   0.069271   0.000000   0.014954 
 -0.133771   0.217758   0.203814  -0.127884   0.000000  -0.223167   0.060620  -0.007095   0.008284  -0.014725   0.000000   0.009970 
 -0.139818   0.218634   0.213654  -0.127311   0.000000  -0.220474  -0.006047   0.000876   0.009840   0.000573   0.000000   0.002693 
 -0.175302   0.221610   0.211616  -0.124446   0.000000  -0.218641  -0.035484   0.002976  -0.002038   0.002865   0.000000   0.001833 
 -0.243343   0.228326   0.253671  -0.178419   0.000000  -0.231360  -0.068041   0.006716   0.042055  -0.053973   0.000000  -0.012719 
 -0.235925   0.228353   0.224266  -0.171429   0.000000  -0.254107   0.007418   0.000027  -0.029405   0.006990   0.000000  -0.022747 
 -0.152092   0.214814   0.191608  -0.132754   0.000000  -0.221964   0.083833  -0.013539  -0.032658   0.038675   0.000000   0.032143 
 -0.126455   0.218312   0.208621  -0.131895   0.000000  -0.238465   0.025637   0.003498   0.017013   0.000859   0.000000  -0.016501 
 -0.186021   0.219412   0.218669  -0.127254   0.000000  -0.226891  -0.059566   0.001100   0.010048   0.004641   0.000000   0.011574 
 -0.251870   0.229951   0.242326  -0.182258   0.000000  -0.253648  -0.065849   0.010539   0.023657  -0.055004   0.000000  -0.026757 
 -0.206800   0.227431   0.217242  -0.177617   0.000000  -0.229699   0.045070  -0.002520  -0.025084   0.004641   0.000000   0.023949 
 -0.132851   0.218515   0.189452  -0.168564   0.000000  -0.225745   0.073949  -0.008916  -0.027790   0.009053   0.000000   0.003954 
 -0.131090   0.221055   0.205439  -0.163866   0.000000  -0.221964   0.001761   0.002540   0.015987   0.004698   0.000000   0.003781 
 -0.164674   0.233793   0.200124  -0.158537   0.030309  -0.223224  -0.033584   0.012738  -0.005315   0.005329   0.030309  -0.001260 
 -0.172599   0.235824   0.205277  -0.160142   0.030138  -0.199676  -0.007925   0.002031   0.005153  -0.001605  -0.000171   0.023548 
 -0.240338   0.239041   0.255001  -0.180138   0.000000  -0.259493  -0.067739   0.003217   0.049724  -0.019996  -0.030138  -0.059817 
 -0.246313   0.248692   0.245023  -0.222537   0.000000  -0.237434  -0.005975   0.009651  -0.009978  -0.042399   0.000000   0.022059 
 -0.143072   0.240075   0.215742  -0.187586   0.000000  -0.234626   0.103241  -0.008617  -0.029281   0.034951   0.000000   0.002808 
 -0.111556   0.248229   0.228200  -0.202025   0.000000  -0.221849   0.031516   0.008154   0.012458  -0.014439   0.000000   0.012777 
 -0.126820   0.254714   0.260092  -0.232621   0.032487  -0.217896  -0.015264   0.006485   0.031892  -0.030596   0.032487   0.003953 
 -0.114217   0.271478   0.278713  -0.252961   0.032716  -0.178247   0.012603   0.016764   0.018621  -0.020340   0.000229   0.039649 
 -0.204875   0.284387   0.346638  -0.322060   0.000000  -0.229412  -0.090658   0.012909   0.067925  -0.069099  -0.032716  -0.051165 
 -0.217341   0.266247   0.354968  -0.344749   0.000000  -0.216349  -0.012466  -0.018140   0.008330  -0.022689   0.000000   0.013063 
 -0.129389   0.273122   0.301987  -0.300287   0.000000  -0.198874   0.087952   0.006875  -0.052981   0.044462   0.000000   0.017475 
 -0.139214   0.259146   0.305665  -0.308710   0.000000  -0.233308  -0.009825  -0.013976   0.003678  -0.008423   0.000000  -0.034434 
 -0.140948   0.240601   0.310634  -0.305788   0.000000  -0.206494  -0.001734  -0.018545   0.004969   0.002922   0.000000   0.026814 
 -0.239886   0.229575   0.309457  -0.307908  -0.011918  -0.247804  -0.098938  -0.011026  -0.001177  -0.002120  -0.011918  -0.041310 
 -0.217185   0.228168   0.293744  -0.298053  -0.027731  -0.263389   0.022701  -0.001407  -0.015713   0.009855  -0.015813  -0.015585 
 -0.144706   0.207765   0.245950  -0.260180   0.000000  -0.238350   0.072479  -0.020403  -0.047794   0.037873   0.027731   0.025039 
 -0.113241   0.220579   0.237040  -0.228897   0.000000  -0.233366   0.031465   0.012814  -0.008910   0.031283   0.000000   0.004984 
 -0.131454   0.218050   0.244889  -0.221391   0.000000  -0.247460  -0.018213  -0.002529   0.007849   0.007506   0.000000  -0.014094 
 -0.222367   0.210720   0.245818  -0.272040   0.000000  -0.222193  -0.090913  -0.007330   0.000929  -0.050649   0.000000   0.025267 
 -0.262527   0.240012   0.262755  -0.250554  -0.035810  -0.228438  -0.040160   0.029292   0.016937   0.021486  -0.035810  -0.006245 
 -0.166907   0.231010   0.222502  -0.221907  -0.032601  -0.255482   0.095620  -0.009002  -0.040253   0.028647   0.003209  -0.027044 
 -0.144453   0.224531   0.224840  -0.229412   0.000000  -0.211536   0.022454  -0.006479   0.002338  -0.007505   0.032601   0.043946 
 -0.179186   0.233798   0.223106  -0.206494   0.000000  -0.214344  -0.034733   0.009267  -0.001734   0.022918   0.000000  -0.002808 
 -0.228610   0.242458   0.242660  -0.225058   0.000000  -0.231991  -0.049424   0.008660   0.019554  -0.018564   0.000000  -0.017647 
 -0.276470   0.248359   0.259246  -0.251987  -0.030309  -0.256227  -0.047860   0.005901   0.016586  -0.026929  -0.030309  -0.024236 
 -0.175803   0.220342   0.241533  -0.249007  -0.020340  -0.234741   0.100667  -0.028017  -0.017713   0.002980   0.009969   0.021486 
 -0.136848   0.222993   0.233789  -0.233824   0.000000  -0.238981   0.038955   0.002651  -0.007744   0.015183   0.020340  -0.004240 
 -0.137070   0.227656   0.255555  -0.232220   0.000000  -0.237205  -0.000222   0.004663   0.021766   0.001604   0.000000   0.001776 
 -0.166865   0.238656   0.244979  -0.212510  -0.030252  -0.245570  -0.029795   0.011000  -0.010576   0.019710  -0.030252  -0.008365 
 -0.260350   0.247415   0.263983  -0.244252  -0.042456  -0.262644  -0.093485   0.008759   0.019004  -0.031742  -0.012204  -0.017074 
 -0.178825   0.227672   0.233861  -0.249237  -0.041769  -0.255425   0.081525  -0.019743  -0.030122  -0.004985   0.000687   0.007219 
 -0.151303   0.222047   0.240559  -0.234741  -0.029393  -0.247862   0.027522  -0.005625   0.006698   0.014496   0.012376   0.007563 
 -0.154449   0.224116   0.260797  -0.227980   0.000000  -0.250268  -0.003146   0.002069   0.020238   0.006761   0.029393  -0.002406 
 -0.199469   0.227050   0.276997  -0.251299  -0.029393  -0.232735  -0.045020   0.002934   0.016200  -0.023319  -0.029393   0.017533 
 -0.266643   0.244733   0.259388  -0.243564  -0.037815  -0.260180  -0.067174   0.017683  -0.017609   0.007735  -0.008422  -0.027445 
 -0.207415   0.226030   0.231342  -0.246486  -0.061708  -0.263732   0.059228  -0.018703  -0.028046  -0.002922  -0.023893  -0.003552 
 -0.156436   0.218073   0.225810  -0.229126  -0.039821  -0.257258   0.050979  -0.007957  -0.005532   0.017360   0.021887   0.006474 
 -0.158683   0.218732   0.252680  -0.223224  -0.015069  -0.257086  -0.002247   0.000659   0.026870   0.005902   0.024752   0.000172 
 -0.182479   0.210995   0.246142  -0.232793  -0.022861  -0.239153  -0.023796  -0.007737  -0.006538  -0.009569  -0.007792   0.017933 
 -0.245959   0.222031   0.274417  -0.259779  -0.052769  -0.277197  -0.063480   0.011036   0.028275  -0.026986  -0.029908  -0.038044 
 -0.253222   0.209456   0.244006  -0.251987  -0.046180  -0.282354  -0.007263  -0.012575  -0.030411   0.007792   0.006589  -0.005157 
 -0.181784   0.208096   0.217960  -0.227923  -0.037815  -0.269176   0.071438  -0.001360  -0.026046   0.024064   0.008365   0.013178 
 -0.167395   0.204855   0.223188  -0.216693  -0.035294  -0.259550   0.014389  -0.003241   0.005228   0.011230   0.002521   0.009626 
 -0.203682   0.211161   0.231222  -0.216406  -0.029794  -0.271066  -0.036287   0.006306   0.008034   0.000287   0.005500  -0.011516 
 -0.298674   0.217157   0.258240  -0.247002  -0.053572  -0.290375  -0.094992   0.005996   0.027018  -0.030596  -0.023778  -0.019309 
 -0.283430   0.213353   0.249394  -0.250153  -0.049102  -0.289000   0.015244  -0.003804  -0.008846  -0.003151   0.004470   0.001375 
 -0.196423   0.212514   0.203729  -0.233595  -0.065203  -0.264191   0.087007  -0.000839  -0.045665   0.016558  -0.016101   0.024809 
 -0.174978   0.209879   0.219539  -0.209588  -0.031685  -0.274905   0.021445  -0.002635   0.015810   0.024007   0.033518  -0.010714 
 -0.214193   0.207603   0.232033  -0.214114  -0.035695  -0.292208  -0.039215  -0.002276   0.012494  -0.004526  -0.004010  -0.017303 
 -0.308507   0.216194   0.249119  -0.246601  -0.054431  -0.298683  -0.094314   0.008591   0.017086  -0.032487  -0.018736  -0.006475 
 -0.283789   0.211784   0.229833  -0.246429  -0.056952  -0.298454   0.024718  -0.004410  -0.019286   0.000172  -0.002521   0.000229 
 -0.223547   0.210132   0.197026  -0.224428  -0.044232  -0.295818   0.060242  -0.001652  -0.032807   0.022001   0.012720   0.002636 
 -0.193604   0.209222   0.223275  -0.216750  -0.034779  -0.288656   0.029943  -0.000910   0.026249   0.007678   0.009453   0.007162 
 -0.219676   0.209758   0.226874  -0.217380  -0.036268  -0.291349  -0.026072   0.000536   0.003599  -0.000630  -0.001489  -0.002693 
 -0.315587   0.224046   0.258203  -0.258347  -0.051509  -0.326586  -0.095911   0.014288   0.031329  -0.040967  -0.015241  -0.035237 
 -0.294142   0.211378   0.224648  -0.247804  -0.057640  -0.306532   0.021445  -0.012668  -0.033555   0.010543  -0.006131   0.020054 
 -0.200276   0.211269   0.198105  -0.219729  -0.041539  -0.287396   0.093866  -0.000109  -0.026543   0.028075   0.016101   0.019136 
 -0.197593   0.209872   0.206269  -0.213312  -0.034950  -0.284989   0.002683  -0.001397   0.008164   0.006417   0.006589   0.002407 
 -0.273124   0.207766   0.228516  -0.232793  -0.045206  -0.305215  -0.075531  -0.002106   0.022247  -0.019481  -0.010256  -0.020226 
 -0.305929   0.223124   0.239730  -0.256399  -0.061135  -0.314038  -0.032805   0.015358   0.011214  -0.023606  -0.015929  -0.008823 
 -0.253363   0.212872   0.150767  -0.232735  -0.047154  -0.301261   0.052566  -0.010252  -0.088963   0.023664   0.013981   0.012777 
 -0.182309   0.206848   0.189401  -0.220703  -0.039935  -0.292380   0.071054  -0.006024   0.038634   0.012032   0.007219   0.008881 
 -0.215136   0.206131   0.193607  -0.210963  -0.035695  -0.282927  -0.032827  -0.000717   0.004206   0.009740   0.004240   0.009453 
 -0.260370   0.209906   0.187127  -0.227980  -0.044748  -0.304642  -0.045234   0.003775  -0.006480  -0.017017  -0.009053  -0.021715 
 -0.324584   0.226988   0.181309  -0.261555  -0.061822  -0.344921  -0.064214   0.017082  -0.005818  -0.033575  -0.017074  -0.040279 
 -0.299004   0.210634   0.159044  -0.248434  -0.069442  -0.327732   0.025580  -0.016354  -0.022265   0.013121  -0.007620   0.017189 
 -0.250045   0.219038   0.197240  -0.226548  -0.055119  -0.319367   0.048959   0.008404   0.038196   0.021886   0.014323   0.008365 
 -0.251634   0.217389   0.209571  -0.225230  -0.047785  -0.321888  -0.001589  -0.001649   0.012331   0.001318   0.007334  -0.002521 
 -0.296777   0.211703   0.218001  -0.248549  -0.057353  -0.327732  -0.045143  -0.005686   0.008430  -0.023319  -0.009568  -0.005844 
 -0.356756   0.232126   0.214657  -0.265566  -0.076891  -0.356953  -0.059979   0.020423  -0.003344  -0.017017  -0.019538  -0.029221 
 -0.288039   0.210674   0.152287  -0.251700  -0.068411  -0.314267   0.068717  -0.021452  -0.062370   0.013866   0.008480   0.042686 
 -0.229404   0.215171   0.195831  -0.236746  -0.057811  -0.344520   0.058635   0.004497   0.043544   0.014954   0.010600  -0.030253 
 -0.270587   0.208286   0.201919  -0.234225  -0.054546  -0.315700  -0.041183  -0.006885   0.006088   0.002521   0.003265   0.028820 
 -0.295558   0.210149   0.206197  -0.237376  -0.054717  -0.325555  -0.024971   0.001863   0.004278  -0.003151  -0.000171  -0.009855 
 -0.365374   0.218903   0.228499  -0.261613  -0.092762  -0.367896  -0.069816   0.008754   0.022302  -0.024237  -0.038045  -0.042341 
 -0.372138   0.220639   0.193783  -0.259951  -0.087663  -0.391903  -0.006764   0.001736  -0.034716   0.001662   0.005099  -0.024007 
 -0.292025   0.211175   0.178624  -0.238179  -0.074542  -0.341254   0.080113  -0.009464  -0.015159   0.021772   0.013121   0.050649 
 -0.286452   0.214993   0.205870  -0.226089  -0.066750  -0.344004   0.005573   0.003818   0.027246   0.012090   0.007792  -0.002750 
 -0.299809   0.206703   0.219869  -0.222881  -0.057296  -0.376204  -0.013357  -0.008290   0.013999   0.003208   0.009454  -0.032200 
 -0.335934   0.209323   0.222606  -0.238694  -0.087663  -0.382277  -0.036125   0.002620   0.002737  -0.015813  -0.030367  -0.006073 
 -0.412761   0.236914   0.243911  -0.259951  -0.073912  -0.390585  -0.076827   0.027591   0.021305  -0.021257   0.013751  -0.008308 
 -0.359824   0.220414   0.230344  -0.257946  -0.099924  -0.399352   0.052937  -0.016500  -0.013567   0.002005  -0.026012  -0.008767 
 -0.283608   0.208482   0.225159  -0.240241  -0.073625  -0.390299   0.076216  -0.011932  -0.005185   0.017705   0.026299   0.009053 
 -0.286407   0.201665   0.233166  -0.234626  -0.065317  -0.385429  -0.002799  -0.006817   0.008007   0.005615   0.008308   0.004870 
 -0.321546   0.202770   0.236094  -0.245054  -0.068411  -0.388523  -0.035139   0.001105   0.002928  -0.010428  -0.003094  -0.003094 
 -0.394970   0.207333   0.256533  -0.270379  -0.117915  -0.414821  -0.073424   0.004563   0.020439  -0.025325  -0.049504  -0.026298 
 -0.368068   0.202399   0.214830  -0.241559  -0.102101  -0.406628   0.026902  -0.004934  -0.041703   0.028820   0.015814   0.008193 
 -0.266292   0.194416   0.202124  -0.217781  -0.075459  -0.394711   0.101776  -0.007983  -0.012706   0.023778   0.026642   0.011917 
 -0.301461   0.192595   0.205931  -0.211135  -0.071562  -0.390184  -0.035169  -0.001821   0.003807   0.006646   0.003897   0.004527 
 -0.321967   0.198552   0.200591  -0.218068  -0.071219  -0.389382  -0.020506   0.005957  -0.005340  -0.006933   0.000343   0.000802 
 -0.404295   0.207269   0.236800  -0.251700  -0.115279  -0.407545  -0.082328   0.008717   0.036209  -0.033632  -0.044060  -0.018163 
 -0.386507   0.205480   0.179730  -0.244825  -0.078323  -0.398951   0.017788  -0.001789  -0.057070   0.006875   0.036956   0.008594 
 -0.311542   0.196377   0.154739  -0.221162  -0.073969  -0.390127   0.074965  -0.009103  -0.024991   0.023663   0.004354   0.008824 
 -0.311631   0.197168   0.192823  -0.206609  -0.067151  -0.383939  -0.000089   0.000791   0.038084   0.014553   0.006818   0.006188 
 -0.341881   0.204484   0.200522  -0.211593  -0.088465  -0.387205  -0.030250   0.007316   0.007699  -0.004984  -0.021314  -0.003266 
 -0.402225   0.218187   0.218275  -0.240012  -0.083251  -0.405425  -0.060344   0.013703   0.017753  -0.028419   0.005214  -0.018220 
 -0.401705   0.214394   0.201984  -0.229584  -0.085886  -0.409722   0.000520  -0.003793  -0.016291   0.010428  -0.002635  -0.004297 
 -0.314625   0.197754   0.167849  -0.204374  -0.093163  -0.402847   0.087080  -0.016640  -0.034135   0.025210  -0.007277   0.006875 
 -0.300271   0.198972   0.192708  -0.199504  -0.086860  -0.396143   0.014354   0.001218   0.024859   0.004870   0.006303   0.006704 
 -0.317780   0.199666   0.197167  -0.202712  -0.083824  -0.391960  -0.017509   0.000694   0.004459  -0.003208   0.003036   0.004183 
 -0.382247   0.208815   0.213496  -0.233137  -0.121181  -0.400211  -0.064467   0.009149   0.016329  -0.030425  -0.037357  -0.008251 
 -0.399821   0.208559   0.196426  -0.234626  -0.089496  -0.395971  -0.017574  -0.000256  -0.017070  -0.001489   0.031685   0.004240 
 -0.300675   0.197123   0.126613  -0.212854  -0.088293  -0.363427   0.099146  -0.011436  -0.069813   0.021772   0.001203   0.032544 
 -0.274604   0.196495   0.176835  -0.199275  -0.075573  -0.351510   0.026071  -0.000628   0.050222   0.013579   0.012720   0.011917 
 -0.291582   0.196982   0.185523  -0.195149  -0.072021  -0.377465  -0.016978   0.000487   0.008688   0.004126   0.003552  -0.025955 
 -0.375090   0.207773   0.211420  -0.232392  -0.071963  -0.381246  -0.083508   0.010791   0.025897  -0.037243   0.000058  -0.003781 
 -0.409894   0.216420   0.209728  -0.242705  -0.082162  -0.393794  -0.034804   0.008647  -0.001692  -0.010313  -0.010199  -0.012548 
 -0.318856   0.202027   0.131579  -0.207926  -0.083766  -0.386575   0.091038  -0.014393  -0.078149   0.034779  -0.001604   0.007219 
 -0.287167   0.199565   0.172663  -0.200822  -0.076433  -0.352942   0.031689  -0.002462   0.041084   0.007104   0.007333   0.033633 
 -0.292084   0.203423   0.194777  -0.197613  -0.067151  -0.374199  -0.004917   0.003858   0.022114   0.003209   0.009282  -0.021257 
 -0.288504   0.203101   0.204904  -0.217437  -0.072708  -0.365089   0.003580  -0.000322   0.010127  -0.019824  -0.005557   0.009110 
 -0.354903   0.216271   0.224488  -0.241559  -0.115222  -0.378038  -0.066399   0.013170   0.019584  -0.024122  -0.042514  -0.012949 
 -0.316599   0.204845   0.196950  -0.230501  -0.081245  -0.369902   0.038304  -0.011426  -0.027538   0.011058   0.033977   0.008136 
 -0.270429   0.190623   0.163552  -0.203400  -0.067895  -0.355520   0.046170  -0.014222  -0.033398   0.027101   0.013350   0.014382 
 -0.266447   0.187302   0.180093  -0.194347  -0.059759  -0.346181   0.003982  -0.003321   0.016541   0.009053   0.008136   0.009339 
 -0.280063   0.189598   0.180525  -0.197155  -0.057067  -0.312377  -0.013616   0.002296   0.000432  -0.002808   0.002692   0.033804 
 -0.332832   0.204015   0.231463  -0.242304  -0.077120  -0.362797  -0.052769   0.014417   0.050938  -0.045149  -0.020053  -0.050420 
 -0.368969   0.209076   0.222113  -0.243049  -0.083251  -0.362109  -0.036137   0.005061  -0.009350  -0.000745  -0.006131   0.000688 
 -0.252878   0.179471   0.154129  -0.239783  -0.046753  -0.342170   0.116091  -0.029605  -0.067984   0.003266   0.036498   0.019939 
 -0.191103   0.200474   0.197631  -0.215489  -0.070359  -0.302865   0.061775   0.021003   0.043502   0.024294  -0.023606   0.039305 
 -0.187327   0.207405   0.214997  -0.220933  -0.062281  -0.293183   0.003776   0.006931   0.017366  -0.005444   0.008078   0.009682 
 -0.243501   0.215731   0.214476  -0.218583  -0.046581  -0.314955  -0.056174   0.008326  -0.000521   0.002350   0.015700  -0.021772 
 -0.316525   0.199130   0.229847  -0.250841  -0.048931  -0.340910  -0.073024  -0.016601   0.015371  -0.032258  -0.002350  -0.025955 
 -0.306515   0.198634   0.225489  -0.252445  -0.054431  -0.337931   0.010010  -0.000496  -0.004358  -0.001604  -0.005500   0.002979 
 -0.201260   0.184601   0.202974  -0.224026  -0.092304  -0.313523   0.105255  -0.014033  -0.022515   0.028419  -0.037873   0.024408 
 -0.194251   0.184311   0.213899  -0.215833  -0.090413  -0.303782   0.007009  -0.000290   0.010925   0.008193   0.001891   0.009741 
 -0.213938   0.195234   0.226023  -0.238350  -0.032258  -0.309856  -0.019687   0.010923   0.012124  -0.022517   0.058155  -0.006074 
 -0.260526   0.191070   0.233007  -0.237147  -0.047269  -0.304355  -0.046588  -0.004164   0.006984   0.001203  -0.015011   0.005501 
 -0.330336   0.201009   0.234407  -0.245283  -0.061249  -0.306819  -0.069810   0.009939   0.001400  -0.008136  -0.013980  -0.002464 
 -0.274613   0.187928   0.199813  -0.217609  -0.050936  -0.308996   0.055723  -0.013081  -0.034594   0.027674   0.010313  -0.002177 
 -0.212750   0.178452   0.198156  -0.208614  -0.044977  -0.302751   0.061863  -0.009476  -0.001657   0.008995   0.005959   0.006245 
 -0.247131   0.198967   0.200346  -0.196926  -0.039534  -0.318794  -0.034381   0.020515   0.002190   0.011688   0.005443  -0.016043 
 -0.297785   0.198218   0.209135  -0.206322  -0.054431  -0.312548  -0.050654  -0.000749   0.008789  -0.009396  -0.014897   0.006246 
 -0.358360   0.203192   0.220122  -0.222881  -0.099294  -0.350536  -0.060575   0.004974   0.010987  -0.016559  -0.044863  -0.037988 
 -0.282296   0.189255   0.174924  -0.186899  -0.068125  -0.307277   0.076064  -0.013937  -0.045198   0.035982   0.031169   0.043259 
 -0.206522   0.197515   0.194733  -0.208041  -0.079412  -0.305558   0.075774   0.008260   0.019809  -0.021142  -0.011287   0.001719 
 -0.246067   0.197262   0.208626  -0.203916  -0.044805  -0.319195  -0.039545  -0.000253   0.013893   0.004125   0.034607  -0.013637 
 -0.270789   0.192985   0.222240  -0.194233  -0.053629  -0.310543  -0.024722  -0.004277   0.013614   0.009683  -0.008824   0.008652 
 -0.359883   0.197856   0.227301  -0.211078  -0.117284  -0.354489  -0.089094   0.004871   0.005061  -0.016845  -0.063655  -0.043946 
 -0.306010   0.192311   0.204947  -0.196525  -0.075917  -0.327617   0.053873  -0.005545  -0.022354   0.014553   0.041367   0.026872 
 -0.244555   0.199978   0.181862  -0.151146  -0.060734  -0.328763   0.061455   0.007667  -0.023085   0.045379   0.015183  -0.001146 
 -0.244449   0.195769   0.200127  -0.186555  -0.058213  -0.309225   0.000106  -0.004209   0.018265  -0.035409   0.002521   0.019538 
 -0.261780   0.185947   0.214923  -0.187987  -0.066463  -0.303782  -0.017331  -0.009822   0.014796  -0.001432  -0.008250   0.005443 
 -0.316563   0.194220   0.225891  -0.217839  -0.088465  -0.340394  -0.054783   0.008273   0.010968  -0.029852  -0.022002  -0.036612 
 -0.319694   0.187330   0.184478  -0.195436  -0.078495  -0.316044  -0.003131  -0.006890  -0.041413   0.022403   0.009970   0.024350 
 -0.189289   0.180088   0.179194  -0.183060  -0.070474  -0.316215   0.130405  -0.007242  -0.005284   0.012376   0.008021  -0.000171 
 -0.232722   0.195005   0.187255  -0.174580  -0.058556  -0.328018  -0.043433   0.014917   0.008061   0.008480   0.011918  -0.011803 
 -0.241482   0.190527   0.197168  -0.178706  -0.061822  -0.306475  -0.008760  -0.004478   0.009913  -0.004126  -0.003266   0.021543 
 -0.334172   0.205115   0.218251  -0.205978  -0.095741  -0.327675  -0.092690   0.014588   0.021083  -0.027272  -0.033919  -0.021200 
 -0.365435   0.203716   0.220508  -0.215203  -0.120035  -0.358328  -0.031263  -0.001399   0.002257  -0.009225  -0.024294  -0.030653 
 -0.245109   0.188630   0.172592  -0.185409  -0.080615  -0.343144   0.120326  -0.015086  -0.047916   0.029794   0.039420   0.015184 
 -0.223254   0.202189   0.194779  -0.175612  -0.060332  -0.328133   0.021855   0.013559   0.022187   0.009797   0.020283   0.015011 
 -0.232311   0.203293   0.206354  -0.170913  -0.060046  -0.325669  -0.009057   0.001104   0.011575   0.004699   0.000286   0.002464 
 -0.293946   0.189212   0.206649  -0.185581  -0.075917  -0.349791  -0.061635  -0.014081   0.000295  -0.014668  -0.015871  -0.024122 
 -0.338694   0.199834   0.217813  -0.210963  -0.129947  -0.358500  -0.044748   0.010622   0.011164  -0.025382  -0.054030  -0.008709 
 -0.285813   0.187206   0.187677  -0.190165  -0.091100  -0.352369   0.052881  -0.012628  -0.030136   0.020798   0.038847   0.006131 
 -0.240429   0.195180   0.175388  -0.173549  -0.067781  -0.326529   0.045384   0.007974  -0.012289   0.016616   0.023319   0.025840 
 -0.238258   0.199418   0.179858  -0.150115  -0.084855  -0.338847   0.002171   0.004238   0.004470   0.023434  -0.017074  -0.012318 
 -0.287155   0.186565   0.200176  -0.184435  -0.079297  -0.355062  -0.048897  -0.012853   0.020318  -0.034320   0.005558  -0.016215 
 -0.358859   0.196818   0.221660  -0.209301  -0.125764  -0.371850  -0.071704   0.010253   0.021484  -0.024866  -0.046467  -0.016788 
 -0.309273   0.190173   0.181945  -0.197670  -0.096658  -0.362911   0.049586  -0.006645  -0.039715   0.011631   0.029106   0.008939 
 -0.234334   0.191465   0.177405  -0.183690  -0.087777  -0.364401   0.074939   0.001292  -0.004540   0.013980   0.008881  -0.001490 
 -0.261798   0.196498   0.181171  -0.161631  -0.064859  -0.335581  -0.027464   0.005033   0.003766   0.022059   0.022918   0.028820 
 -0.281356   0.189477   0.192324  -0.173549  -0.079469  -0.340795  -0.019558  -0.007021   0.011153  -0.011918  -0.014610  -0.005214 
 -0.358882   0.203790   0.187140  -0.155214  -0.136994  -0.377350  -0.077526   0.014313  -0.005184   0.018335  -0.057525  -0.036555 
 -0.299870   0.192152   0.182300  -0.180883  -0.095111  -0.367782   0.059012  -0.011638  -0.004840  -0.025669   0.041883   0.009568 
 -0.248794   0.198580   0.161184  -0.143239  -0.089496  -0.344691   0.051076   0.006428  -0.021116   0.037644   0.005615   0.023091 
 -0.252890   0.197938   0.181206  -0.158652  -0.076031  -0.352770  -0.004096  -0.000642   0.020022  -0.015413   0.013465  -0.008079 
 -0.299388   0.193807   0.201334  -0.181570  -0.076261  -0.374772  -0.046498  -0.004131   0.020128  -0.022918  -0.000230  -0.022002 
 -0.339174   0.211428   0.208038  -0.198644  -0.125420  -0.378496  -0.039786   0.017621   0.006704  -0.017074  -0.049159  -0.003724 
 -0.272514   0.184877   0.163680  -0.179851  -0.083423  -0.334550   0.066660  -0.026551  -0.044358   0.018793   0.041997   0.043946 
 -0.241002   0.198302   0.164218  -0.148167  -0.081589  -0.363828   0.031512   0.013425   0.000538   0.031684   0.001834  -0.029278 
 -0.221440   0.178085   0.184231  -0.167476  -0.058957  -0.341999   0.019562  -0.020217   0.020013  -0.019309   0.022632   0.021829 
 -0.290955   0.190033   0.182228  -0.184206  -0.068755  -0.369214  -0.069515   0.011948  -0.002003  -0.016730  -0.009798  -0.027215 
 -0.343533   0.205628   0.169380  -0.197842  -0.117628  -0.365089  -0.052578   0.015595  -0.012848  -0.013636  -0.048873   0.004125 
 -0.268349   0.181433   0.114068  -0.182544  -0.062968  -0.353973   0.075184  -0.024195  -0.055312   0.015298   0.054660   0.011116 
 -0.214305   0.179597   0.163685  -0.172976  -0.058327  -0.355635   0.054044  -0.001836   0.049617   0.009568   0.004641  -0.001662 
 -0.259098   0.201552   0.163873  -0.141692  -0.076891  -0.356724  -0.044793   0.021955   0.000188   0.031284  -0.018564  -0.001089 
 -0.285536   0.191165   0.178257  -0.184664  -0.074771  -0.373740  -0.026438  -0.010387   0.014384  -0.042972   0.002120  -0.017016 
 -0.346517   0.215175   0.198443  -0.198415  -0.118201  -0.384455  -0.060981   0.024010   0.020186  -0.013751  -0.043430  -0.010715 
 -0.306627   0.188499   0.154444  -0.188790  -0.077865  -0.360562   0.039890  -0.026676  -0.043999   0.009625   0.040336   0.023893 
 -0.227618   0.182362   0.164032  -0.178075  -0.057468  -0.354546   0.079009  -0.006137   0.009588   0.010715   0.020397   0.006016 
 -0.257428   0.203910   0.165071  -0.150000  -0.071276  -0.355921  -0.029810   0.021548   0.001039   0.028075  -0.013808  -0.001375 
 -0.283955   0.189152   0.168112  -0.183633  -0.062109  -0.362167  -0.026527  -0.014758   0.003041  -0.033633   0.009167  -0.006246 
 -0.339992   0.200399   0.195958  -0.213771  -0.118831  -0.379986  -0.056037   0.011247   0.027846  -0.030138  -0.056722  -0.017819 
 -0.319340   0.191149   0.127447  -0.205577  -0.079412  -0.375173   0.020652  -0.009250  -0.068511   0.008194   0.039419   0.004813 
 -0.259751   0.180355   0.165042  -0.186097  -0.061708  -0.355119   0.059589  -0.010794   0.037595   0.019480   0.017704   0.020054 
 -0.231828   0.177930   0.184507  -0.187013  -0.052196  -0.350879   0.027923  -0.002425   0.019465  -0.000916   0.009512   0.004240 
 -0.294640   0.184103   0.191260  -0.198530  -0.046639  -0.340222  -0.062812   0.006173   0.006753  -0.011517   0.005557   0.010657 
 -0.338764   0.181598   0.206560  -0.222651  -0.082964  -0.377980  -0.044124  -0.002505   0.015300  -0.024121  -0.036325  -0.037758 
 -0.304242   0.180193   0.178768  -0.210963  -0.056895  -0.374485   0.034522  -0.001405  -0.027792   0.011688   0.026069   0.003495 
 -0.271800   0.178918   0.132670  -0.186154  -0.056436  -0.338160   0.032442  -0.001275  -0.046098   0.024809   0.000459   0.036325 
 -0.266106   0.176750   0.188340  -0.189764  -0.049675  -0.355291   0.005694  -0.002168   0.055670  -0.003610   0.006761  -0.017131 
 -0.292179   0.186858   0.189459  -0.198988  -0.055749  -0.375402  -0.026073   0.010108   0.001119  -0.009224  -0.006074  -0.020111 
 -0.375728   0.198994   0.216790  -0.227808  -0.097174  -0.382793  -0.083549   0.012136   0.027331  -0.028820  -0.041425  -0.007391 
 -0.366733   0.189009   0.179631  -0.230214  -0.086230  -0.387377   0.008995  -0.009985  -0.037159  -0.002406   0.010944  -0.004584 
 -0.269187   0.198070   0.190582  -0.213312  -0.063025  -0.372709   0.097546   0.009061   0.010951   0.016902   0.023205   0.014668 
 -0.326511   0.199888   0.208989  -0.215031  -0.063484  -0.398607  -0.057324   0.001818   0.018407  -0.001719  -0.000459  -0.025898 
 -0.352294   0.201719   0.221994  -0.226318  -0.081761  -0.417744  -0.025783   0.001831   0.013005  -0.011287  -0.018277  -0.019137 
 -0.419201   0.215831   0.241244  -0.250554  -0.107029  -0.442094  -0.066907   0.014112   0.019250  -0.024236  -0.025268  -0.024350 
 -0.394640   0.210367   0.217526  -0.248778  -0.128916  -0.443699   0.024561  -0.005464  -0.023718   0.001776  -0.021887  -0.001605 
 -0.327395   0.197041   0.183911  -0.216578  -0.082105  -0.433156   0.067245  -0.013326  -0.033615   0.032200   0.046811   0.010543 
 -0.318384   0.201333   0.211122  -0.212338  -0.075573  -0.432812   0.009011   0.004292   0.027211   0.004240   0.006532   0.000344 
 -0.358898   0.203046   0.205070  -0.216578  -0.091559  -0.440089  -0.040514   0.001713  -0.006052  -0.004240  -0.015986  -0.007277 
 -0.433687   0.217778   0.237707  -0.243163  -0.120608  -0.462033  -0.074789   0.014732   0.032637  -0.026585  -0.029049  -0.021944 
 -0.445478   0.221226   0.222706  -0.249810  -0.115737  -0.467591  -0.011791   0.003448  -0.015001  -0.006647   0.004871  -0.005558 
 -0.362241   0.209786   0.195452  -0.230272  -0.124446  -0.460028   0.083237  -0.011440  -0.027254   0.019538  -0.008709   0.007563 
 -0.356033   0.206186   0.211432  -0.223167  -0.101986  -0.454986   0.006208  -0.003600   0.015980   0.007105   0.022460   0.005042 
 -0.348416   0.206359   0.217664  -0.216922  -0.102158  -0.439631   0.007617   0.000173   0.006232   0.006245  -0.000172   0.015355 
 -0.418057   0.211901   0.232759  -0.238007  -0.121467  -0.453267  -0.069641   0.005542   0.015095  -0.021085  -0.019309  -0.013636 
 -0.454323   0.225405   0.243296  -0.267056  -0.117972  -0.469997  -0.036266   0.013504   0.010537  -0.029049   0.003495  -0.016730 
 -0.399044   0.206094   0.203400  -0.237205  -0.133900  -0.457564   0.055279  -0.019311  -0.039896   0.029851  -0.015928   0.012433 
 -0.344982   0.202496   0.208541  -0.223282  -0.121868  -0.457392   0.054062  -0.003598   0.005141   0.013923   0.012032   0.000172 
 -0.345964   0.201868   0.219355  -0.216120  -0.096830  -0.443183  -0.000982  -0.000628   0.010814   0.007162   0.025038   0.014209 
 -0.405667   0.207170   0.233686  -0.237090  -0.119003  -0.453783  -0.059703   0.005302   0.014331  -0.020970  -0.022173  -0.010600 
 -0.438276   0.218276   0.241580  -0.262415  -0.130176  -0.461403  -0.032609   0.011106   0.007894  -0.025325  -0.011173  -0.007620 
 -0.368173   0.202378   0.187057  -0.237319  -0.115909  -0.445417   0.070103  -0.015898  -0.054523   0.025096   0.014267   0.015986 
 -0.316813   0.200608   0.194229  -0.219328  -0.081245  -0.432067   0.051360  -0.001770   0.007172   0.017991   0.034664   0.013350 
 -0.321360   0.201860   0.206154  -0.211192  -0.091788  -0.429145  -0.004547   0.001252   0.011925   0.008136  -0.010543   0.002922 
 -0.369079   0.207935   0.221454  -0.229527  -0.098893  -0.427369  -0.047719   0.006075   0.015300  -0.018335  -0.007105   0.001776 
 -0.442688   0.218999   0.243079  -0.258175  -0.123358  -0.445647  -0.073609   0.011064   0.021625  -0.028648  -0.024465  -0.018278 
 -0.416180   0.209526   0.203327  -0.244825  -0.084282  -0.437969   0.026508  -0.009473  -0.039752   0.013350   0.039076   0.007678 
 -0.311222   0.203038   0.194215  -0.225001  -0.084511  -0.434359   0.104958  -0.006488  -0.009112   0.019824  -0.000229   0.003610 
 -0.320726   0.201967   0.214778  -0.223568  -0.077521  -0.426854  -0.009504  -0.001071   0.020563   0.001433   0.006990   0.007505 
 -0.363822   0.203127   0.218190  -0.236803  -0.096830  -0.436995  -0.043096   0.001160   0.003412  -0.013235  -0.019309  -0.010141 
 -0.433394   0.211819   0.249375  -0.267743  -0.122842  -0.457851  -0.069572   0.008692   0.031185  -0.030940  -0.026012  -0.020856 
 -0.396667   0.213578   0.224557  -0.268488  -0.122728  -0.454184   0.036727   0.001759  -0.024818  -0.000745   0.000114   0.003667 
 -0.325746   0.200394   0.191569  -0.240986  -0.089095  -0.440605   0.070921  -0.013184  -0.032988   0.027502   0.033633   0.013579 
 -0.300908   0.199760   0.205060  -0.226146  -0.081131  -0.429260   0.024838  -0.000634   0.013491   0.014840   0.007964   0.011345 
 -0.330261   0.203169   0.212846  -0.226204  -0.091444  -0.423874  -0.029353   0.003409   0.007786  -0.000058  -0.010313   0.005386 
 -0.433113   0.211416   0.239142  -0.258232  -0.102273  -0.460773  -0.102852   0.008247   0.026296  -0.032028  -0.010829  -0.036899 
 -0.450124   0.219090   0.228297  -0.266082  -0.102158  -0.460543  -0.017011   0.007674  -0.010845  -0.007850   0.000115   0.000230 
 -0.365008   0.202731   0.193975  -0.241273  -0.117972  -0.451605   0.085116  -0.016359  -0.034322   0.024809  -0.015814   0.008938 
 -0.355631   0.209038   0.219108  -0.232678  -0.097517  -0.457908   0.009377   0.006307   0.025133   0.008595   0.020455  -0.006303 
 -0.378312   0.209899   0.218733  -0.232105  -0.097976  -0.460486  -0.022681   0.000861  -0.000375   0.000573  -0.000459  -0.002578 
 -0.453886   0.219955   0.240461  -0.268832  -0.096773  -0.442839  -0.075574   0.010056   0.021728  -0.036727   0.001203   0.017647 
 -0.451199   0.223995   0.232756  -0.278744  -0.104049  -0.473492   0.002687   0.004040  -0.007705  -0.009912  -0.007276  -0.030653 
 -0.373689   0.206962   0.204178  -0.253247  -0.118660  -0.467705   0.077510  -0.017033  -0.028578   0.025497  -0.014611   0.005787 
 -0.353299   0.209555   0.220608  -0.239955  -0.099867  -0.473664   0.020390   0.002593   0.016430   0.013292   0.018793  -0.005959 
 -0.389647   0.212046   0.234523  -0.242934  -0.101643  -0.470857  -0.036348   0.002491   0.013915  -0.002979  -0.001776   0.002807 
 -0.451071   0.221833   0.243214  -0.276166  -0.099236  -0.454298  -0.061424   0.009787   0.008691  -0.033232   0.002407   0.016559 
 -0.466265   0.222474   0.231073  -0.274046  -0.107601  -0.450975  -0.015194   0.000641  -0.012141   0.002120  -0.008365   0.003323 
 -0.380870   0.213377   0.203921  -0.246658  -0.121295  -0.477159   0.085395  -0.009097  -0.027152   0.027388  -0.013694  -0.026184 
 -0.364246   0.216698   0.225621  -0.237319  -0.104164  -0.448912   0.016624   0.003321   0.021700   0.009339   0.017131   0.028247 
 -0.416922   0.212971   0.227774  -0.239382  -0.107258  -0.457278  -0.052676  -0.003727   0.002153  -0.002063  -0.003094  -0.008366 
 -0.473852   0.218442   0.237915  -0.273473  -0.103018  -0.501109  -0.056930   0.005471   0.010141  -0.034091   0.004240  -0.043831 
 -0.452962   0.215892   0.211715  -0.272040  -0.107659  -0.487874   0.020890  -0.002550  -0.026200   0.001433  -0.004641   0.013235 
 -0.380019   0.204932   0.196064  -0.245913  -0.127999  -0.480769   0.072943  -0.010960  -0.015651   0.026127  -0.020340   0.007105 
 -0.377332   0.205176   0.212611  -0.236173  -0.116597  -0.477217   0.002687   0.000244   0.016547   0.009740   0.011402   0.003552 
 -0.396893   0.210314   0.218540  -0.237262  -0.102559  -0.451032  -0.019561   0.005138   0.005929  -0.001089   0.014038   0.026185 
 -0.467706   0.216924   0.236484  -0.271296  -0.096887  -0.504604  -0.070813   0.006610   0.017944  -0.034034   0.005672  -0.053572 
 -0.490891   0.219430   0.232876  -0.280921  -0.125249  -0.506323  -0.023185   0.002506  -0.003608  -0.009625  -0.028362  -0.001719 
 -0.407244   0.214774   0.189846  -0.253305  -0.117800  -0.490910   0.083647  -0.004656  -0.043030   0.027616   0.007449   0.015413 
 -0.395760   0.220798   0.221489  -0.239324  -0.102617  -0.488561   0.011484   0.006024   0.031643   0.013981   0.015183   0.002349 
 -0.407517   0.225367   0.231395  -0.234913  -0.093679  -0.490738  -0.011757   0.004569   0.009906   0.004411   0.008938  -0.002177 
 -0.464220   0.216429   0.246475  -0.246315  -0.122155  -0.506552  -0.056703  -0.008938   0.015080  -0.011402  -0.028476  -0.015814 
 -0.504098   0.226818   0.257461  -0.285218  -0.125019  -0.505234  -0.039878   0.010389   0.010986  -0.038903  -0.002864   0.001318 
 -0.421312   0.220941   0.215318  -0.260409  -0.121925  -0.501911   0.082786  -0.005877  -0.042143   0.024809   0.003094   0.003323 
 -0.382740   0.213728   0.228234  -0.255768  -0.088465  -0.494692   0.038572  -0.007213   0.012916   0.004641   0.033460   0.007219 
 -0.381470   0.212267   0.239315  -0.260237  -0.082219  -0.492457   0.001270  -0.001461   0.011081  -0.004469   0.006246   0.002235 
 -0.413346   0.209519   0.237525  -0.274676  -0.088637  -0.498760  -0.031876  -0.002748  -0.001790  -0.014439  -0.006418  -0.006303 
 -0.485535   0.219570   0.251470  -0.297652  -0.090757  -0.505750  -0.072189   0.010051   0.013945  -0.022976  -0.002120  -0.006990 
 -0.459897   0.221722   0.215156  -0.277369  -0.088866  -0.513542   0.025638   0.002152  -0.036314   0.020283   0.001891  -0.007792 
 -0.372761   0.204221   0.220155  -0.271353  -0.082334  -0.495093   0.087136  -0.017501   0.004999   0.006016   0.006532   0.018449 
 -0.398009   0.223585   0.237358  -0.261211  -0.086345  -0.499676  -0.025248   0.019364   0.017203   0.010142  -0.004011  -0.004583 
 -0.416325   0.212477   0.245895  -0.277426  -0.079584  -0.511823  -0.018316  -0.011108   0.008537  -0.016215   0.006761  -0.012147 
 -0.475310   0.217233   0.241453  -0.280921  -0.087261  -0.511651  -0.058985   0.004756  -0.004442  -0.003495  -0.007677   0.000172 
 -0.492888   0.217939   0.237824  -0.289745  -0.122728  -0.513943  -0.017578   0.000706  -0.003629  -0.008824  -0.035467  -0.002292 
 -0.409585   0.214970   0.200411  -0.258347  -0.117972  -0.512511   0.083303  -0.002969  -0.037413   0.031398   0.004756   0.001432 
 -0.394606   0.217894   0.224234  -0.246315  -0.104565  -0.513599   0.014979   0.002924   0.023823   0.012032   0.013407  -0.001088 
 -0.418436   0.211729   0.240752  -0.267629  -0.088980  -0.498817  -0.023830  -0.006165   0.016518  -0.021314   0.015585   0.014782 
 -0.481086   0.208494   0.234878  -0.270321  -0.095512  -0.515605  -0.062650  -0.003235  -0.005874  -0.002692  -0.006532  -0.016788 
 -0.504592   0.218914   0.238561  -0.291349  -0.125879  -0.532049  -0.023506   0.010420   0.003683  -0.021028  -0.030367  -0.016444 
 -0.453183   0.216345   0.193827  -0.265795  -0.102674  -0.501911   0.051409  -0.002569  -0.044734   0.025554   0.023205   0.030138 
 -0.409267   0.216372   0.210131  -0.248950  -0.108862  -0.497557   0.043916   0.000027   0.016304   0.016845  -0.006188   0.004354 
 -0.428504   0.216982   0.217814  -0.243335  -0.103533  -0.495265  -0.019237   0.000610   0.007683   0.005615   0.005329   0.002292 
 -0.474263   0.209634   0.228646  -0.265910  -0.092189  -0.510677  -0.045759  -0.007348   0.010832  -0.022575   0.011344  -0.015412 
 -0.541749   0.222509   0.251220  -0.297422  -0.132181  -0.542591  -0.067486   0.012875   0.022574  -0.031512  -0.039992  -0.031914 
 -0.487396   0.212049   0.214801  -0.279546  -0.124676  -0.514058   0.054353  -0.010460  -0.036419   0.017876   0.007505   0.028533 
 -0.410606   0.215427   0.216821  -0.261269  -0.108289  -0.503401   0.076790   0.003378   0.002020   0.018277   0.016387   0.010657 
 -0.420751   0.211428   0.229319  -0.258347  -0.091329  -0.500651  -0.010145  -0.003999   0.012498   0.002922   0.016960   0.002750 
 -0.435664   0.220260   0.233555  -0.258576  -0.097403  -0.501796  -0.014913   0.008832   0.004236  -0.000229  -0.006074  -0.001145 
 -0.500915   0.220123   0.254996  -0.290547  -0.115451  -0.542992  -0.065251  -0.000137   0.021441  -0.031971  -0.018048  -0.041196 
 -0.467274   0.217074   0.214153  -0.270952  -0.100096  -0.514803   0.033641  -0.003049  -0.040843   0.019595   0.015355   0.028189 
 -0.408455   0.214840   0.207036  -0.249580  -0.103018  -0.497385   0.058819  -0.002234  -0.007117   0.021372  -0.002922   0.017418 
 -0.408824   0.214964   0.228718  -0.252904  -0.096314  -0.495265  -0.000369   0.000124   0.021682  -0.003324   0.006704   0.002120 
 -0.475910   0.226048   0.231411  -0.269863  -0.087834  -0.526033  -0.067086   0.011084   0.002693  -0.016959   0.008480  -0.030768 
 -0.516728   0.218793   0.261337  -0.295474  -0.118717  -0.541388  -0.040818  -0.007255   0.029926  -0.025611  -0.030883  -0.015355 
 -0.476714   0.212505   0.227587  -0.271926  -0.116769  -0.514860   0.040014  -0.006288  -0.033750   0.023548   0.001948   0.026528 
 -0.408291   0.219954   0.218747  -0.257201  -0.100898  -0.514287   0.068423   0.007449  -0.008840   0.014725   0.015871   0.000573 
 -0.394141   0.220243   0.219666  -0.242418  -0.089897  -0.500421   0.014150   0.000289   0.000919   0.014783   0.011001   0.013866 
 -0.402269   0.225575   0.225867  -0.244596  -0.081532  -0.488160  -0.008128   0.005332   0.006201  -0.002178   0.008365   0.012261 
 -0.457430   0.229699   0.255856  -0.282468  -0.083079  -0.504661  -0.055161   0.004124   0.029989  -0.037872  -0.001547  -0.016501 
 -0.493186   0.234647   0.266808  -0.322804  -0.090757  -0.496926  -0.035756   0.004948   0.010952  -0.040336  -0.007678   0.007735 
 -0.435508   0.224807   0.238321  -0.285562  -0.099465  -0.489822   0.057678  -0.009840  -0.028487   0.037242  -0.008708   0.007104 
 -0.396144   0.222604   0.225091  -0.273415  -0.088178  -0.490280   0.039364  -0.002203  -0.013230   0.012147   0.011287  -0.000458 
 -0.395132   0.215192   0.229677  -0.266368  -0.084740  -0.486384   0.001012  -0.007412   0.004586   0.007047   0.003438   0.003896 
 -0.418869   0.217758   0.245437  -0.283213  -0.088465  -0.490968  -0.023737   0.002566   0.015760  -0.016845  -0.003725  -0.004584 
 -0.486652   0.230553   0.269554  -0.328076  -0.101414  -0.499562  -0.067783   0.012795   0.024117  -0.044863  -0.012949  -0.008594 
 -0.464377   0.233432   0.245834  -0.294615  -0.094767  -0.493775   0.022275   0.002879  -0.023720   0.033461   0.006647   0.005787 
 -0.390781   0.207759   0.188285  -0.265509  -0.098606  -0.456590   0.073596  -0.025673  -0.057549   0.029106  -0.003839   0.037185 
 -0.370059   0.203762   0.207049  -0.252674  -0.092304  -0.450517   0.020722  -0.003997   0.018764   0.012835   0.006302   0.006073 
 -0.392780   0.206235   0.190266  -0.255367  -0.091673  -0.449485  -0.022721   0.002473  -0.016783  -0.002693   0.000631   0.001032 
 -0.497047   0.223910   0.245309  -0.291292  -0.098434  -0.501968  -0.104267   0.017675   0.055043  -0.035925  -0.006761  -0.052483 
 -0.513530   0.224026   0.240318  -0.297881  -0.129488  -0.507812  -0.016483   0.000116  -0.004991  -0.006589  -0.031054  -0.005844 
 -0.412864   0.204786   0.180343  -0.264649  -0.116712  -0.495723   0.100666  -0.019240  -0.059975   0.033232   0.012776   0.012089 
 -0.387081   0.211665   0.201820  -0.246716  -0.106513  -0.491712   0.025783   0.006879   0.021477   0.017933   0.010199   0.004011 
 -0.411933   0.212499   0.212528  -0.241330  -0.103877  -0.499046  -0.024852   0.000834   0.010708   0.005386   0.002636  -0.007334 
 -0.482918   0.207554   0.246440  -0.283270  -0.116024  -0.505521  -0.070985  -0.004945   0.033912  -0.041940  -0.012147  -0.006475 
 -0.513227   0.212195   0.238971  -0.275879  -0.131838  -0.527064  -0.030309   0.004641  -0.007469   0.007391  -0.015814  -0.021543 
 -0.423616   0.203463   0.199280  -0.243106  -0.117284  -0.510677   0.089611  -0.008732  -0.039691   0.032773   0.014554   0.016387 
 -0.409641   0.200647   0.196236  -0.228897  -0.105539  -0.508901   0.013975  -0.002816  -0.003044   0.014209   0.011745   0.001776 
 -0.420001   0.205314   0.201865  -0.229183  -0.100898  -0.512683  -0.010360   0.004667   0.005629  -0.000286   0.004641  -0.003782 
 -0.502165   0.219944   0.221476  -0.254336  -0.090527  -0.531705  -0.082164   0.014630   0.019611  -0.025153   0.010371  -0.019022 
 -0.538925   0.219876   0.223402  -0.264305  -0.118430  -0.550727  -0.036760  -0.000068   0.001926  -0.009969  -0.027903  -0.019022 
 -0.429857   0.207679   0.183278  -0.239955  -0.104393  -0.500249   0.109068  -0.012197  -0.040124   0.024350   0.014037   0.050478 
 -0.391951   0.204155   0.197030  -0.230043  -0.094996  -0.491999   0.037906  -0.003524   0.013752   0.009912   0.009397   0.008250 
 -0.405496   0.201686   0.205756  -0.229355  -0.088006  -0.513714  -0.013545  -0.002469   0.008726   0.000688   0.006990  -0.021715 
 -0.429221   0.211022   0.214003  -0.228667  -0.089954  -0.495608  -0.023725   0.009336   0.008247   0.000688  -0.001948   0.018106 
 -0.516645   0.214685   0.218117  -0.228725  -0.107200  -0.533309  -0.087424   0.003663   0.004114  -0.000058  -0.017246  -0.037701 
 -0.494120   0.224337   0.213289  -0.237777  -0.111727  -0.533653   0.022525   0.009652  -0.004828  -0.009052  -0.004527  -0.000344 
 -0.419013   0.220710   0.181973  -0.229183  -0.082048  -0.510276   0.075107  -0.003627  -0.031316   0.008594   0.029679   0.023377 
 -0.387791   0.224415   0.198577  -0.229813  -0.086574  -0.507354   0.031222   0.003705   0.016604  -0.000630  -0.004526   0.002922 
 -0.419855   0.221773   0.203639  -0.230329  -0.079068  -0.510104  -0.032064  -0.002642   0.005062  -0.000516   0.007506  -0.002750 
 -0.457927   0.228613   0.226468  -0.256456  -0.066520  -0.497270  -0.038072   0.006840   0.022829  -0.026127   0.012548   0.012834 
 -0.507310   0.213062   0.235119  -0.269405  -0.105138  -0.508672  -0.049383  -0.015551   0.008651  -0.012949  -0.038618  -0.011402 
 -0.440316   0.207560   0.194304  -0.240642  -0.096200  -0.505521   0.066994  -0.005502  -0.040815   0.028763   0.008938   0.003151 
 -0.384915   0.204711   0.197397  -0.230558  -0.087090  -0.496468   0.055401  -0.002849   0.003093   0.010084   0.009110   0.009053 
 -0.407199   0.206311   0.203066  -0.224657  -0.074083  -0.499275  -0.022284   0.001600   0.005669   0.005901   0.013007  -0.002807 
 -0.427555   0.212099   0.214951  -0.237434  -0.076604  -0.504719  -0.020356   0.005788   0.011885  -0.012777  -0.002521  -0.005444 
 -0.487360   0.223651   0.234900  -0.263962  -0.085829  -0.506896  -0.059805   0.011552   0.019949  -0.026528  -0.009225  -0.002177 
 -0.452257   0.219045   0.187909  -0.244195  -0.086173  -0.507641   0.035103  -0.004606  -0.046991   0.019767  -0.000344  -0.000745 
 -0.386799   0.207176   0.178881  -0.226490  -0.085199  -0.490452   0.065458  -0.011869  -0.009028   0.017705   0.000974   0.017189 
 -0.383960   0.204758   0.192895  -0.216578  -0.074656  -0.484780   0.002839  -0.002418   0.014014   0.009912   0.010543   0.005672 
 -0.416191   0.214805   0.215317  -0.237262  -0.071963  -0.499619  -0.032231   0.010047   0.022422  -0.020684   0.002693  -0.014839 
 -0.483291   0.223085   0.235846  -0.270207  -0.084569  -0.506495  -0.067100   0.008280   0.020529  -0.032945  -0.012606  -0.006876 
 -0.477840   0.222929   0.208082  -0.258461  -0.087319  -0.513141   0.005451  -0.000156  -0.027764   0.011746  -0.002750  -0.006646 
 -0.372940   0.201782   0.173921  -0.232392  -0.086116  -0.482774   0.104900  -0.021147  -0.034161   0.026069   0.001203   0.030367 
 -0.376685   0.196762   0.186340  -0.220589  -0.079469  -0.486269  -0.003745  -0.005020   0.012419   0.011803   0.006647  -0.003495 
 -0.397925   0.198345   0.173678  -0.217151  -0.076031  -0.488504  -0.021240   0.001583  -0.012662   0.003438   0.003438  -0.002235 
 -0.467691   0.217188   0.214245  -0.244366  -0.070646  -0.511308  -0.069766   0.018843   0.040567  -0.027215   0.005385  -0.022804 
 -0.500185   0.221688   0.214906  -0.255596  -0.085371  -0.498359  -0.032494   0.004500   0.000661  -0.011230  -0.014725   0.012949 
 -0.397654   0.206540   0.164789  -0.227350  -0.087376  -0.488618   0.102531  -0.015148  -0.050117   0.028246  -0.002005   0.009741 
 -0.402278   0.203713   0.176263  -0.218354  -0.087319  -0.493546  -0.004624  -0.002827   0.011474   0.008996   0.000057  -0.004928 
 -0.421258   0.205178   0.183876  -0.212052  -0.085485  -0.493087  -0.018980   0.001465   0.007613   0.006302   0.001834   0.000459 
 -0.433846   0.206502   0.199804  -0.231074  -0.084225  -0.499218  -0.012588   0.001324   0.015928  -0.019022   0.001260  -0.006131 
 -0.485793   0.221100   0.203346  -0.243163  -0.084798  -0.509417  -0.051947   0.014598   0.003542  -0.012089  -0.000573  -0.010199 
 -0.417224   0.200813   0.159881  -0.220073  -0.096830  -0.482488   0.068569  -0.020287  -0.043465   0.023090  -0.012032   0.026929 
 -0.382975   0.194638   0.177275  -0.217208  -0.089439  -0.483347   0.034249  -0.006175   0.017394   0.002865   0.007391  -0.000859 
 -0.404155   0.200806   0.181746  -0.205463  -0.077578  -0.484092  -0.021180   0.006168   0.004471   0.011745   0.011861  -0.000745 
 -0.432177   0.207505   0.194828  -0.214573  -0.082219  -0.499218  -0.028022   0.006699   0.013082  -0.009110  -0.004641  -0.015126 
 -0.496349   0.219826   0.206299  -0.240012  -0.081131  -0.513943  -0.064172   0.012321   0.011471  -0.025439   0.001088  -0.014725 
 -0.474260   0.216020   0.185555  -0.231017  -0.086173  -0.505349   0.022089  -0.003806  -0.020744   0.008995  -0.005042   0.008594 
 -0.381939   0.198333   0.159376  -0.207411  -0.098033  -0.482373   0.092321  -0.017687  -0.026179   0.023606  -0.011860   0.022976 
 -0.372743   0.200011   0.169057  -0.193602  -0.083996  -0.477847   0.009196   0.001678   0.009681   0.013809   0.014037   0.004526 
 -0.412609   0.186368   0.164528  -0.221849  -0.066291  -0.463867  -0.039866  -0.013643  -0.004529  -0.028247   0.017705   0.013980 
 -0.489746   0.220528   0.193021  -0.230558  -0.086517  -0.496697  -0.077137   0.034160   0.028493  -0.008709  -0.020226  -0.032830 
 -0.469080   0.209982   0.165374  -0.214745  -0.090184  -0.505406   0.020666  -0.010546  -0.027647   0.015813  -0.003667  -0.008709 
 -0.397211   0.196237   0.146427  -0.192628  -0.093621  -0.484951   0.071869  -0.013745  -0.018947   0.022117  -0.003437   0.020455 
 -0.389423   0.194962   0.164282  -0.182659  -0.088923  -0.483576   0.007788  -0.001275   0.017855   0.009969   0.004698   0.001375 
 -0.404123   0.199472   0.173061  -0.182201  -0.089897  -0.490968  -0.014700   0.004510   0.008779   0.000458  -0.000974  -0.007392 
 -0.479713   0.213876   0.194405  -0.206551  -0.092246  -0.513256  -0.075590   0.014404   0.021344  -0.024350  -0.002349  -0.022288 
 -0.468047   0.207057   0.186932  -0.222308  -0.098090  -0.499218   0.011666  -0.006819  -0.007473  -0.015757  -0.005844   0.014038 
 -0.395274   0.188896   0.120288  -0.182201  -0.075229  -0.472461   0.072773  -0.018161  -0.066644   0.040107   0.022861   0.026757 
 -0.366736   0.192388   0.163944  -0.171715  -0.097861  -0.468450   0.028538   0.003492   0.043656   0.010486  -0.022632   0.004011 
 -0.361874   0.187626   0.156625  -0.162835  -0.089897  -0.457621   0.004862  -0.004762  -0.007319   0.008880   0.007964   0.010829 
 -0.428979   0.192680   0.159933  -0.184893  -0.097059  -0.474466  -0.067105   0.005054   0.003308  -0.022058  -0.007162  -0.016845 
 -0.479775   0.212135   0.177773  -0.204661  -0.090871  -0.503974  -0.050796   0.019455   0.017840  -0.019768   0.006188  -0.029508 
 -0.433929   0.188934   0.114407  -0.186670  -0.075344  -0.462721   0.045846  -0.023201  -0.063366   0.017991   0.015527   0.041253 
 -0.372262   0.180981   0.114906  -0.173606  -0.088923  -0.465242   0.061667  -0.007953   0.000499   0.013064  -0.013579  -0.002521 
 -0.356269   0.173037   0.121058  -0.174007  -0.071620  -0.448339   0.015993  -0.007944   0.006152  -0.000401   0.017303   0.016903 
 -0.358248   0.177618   0.164381  -0.183117  -0.070302  -0.445933  -0.001979   0.004581   0.043323  -0.009110   0.001318   0.002406 
 -0.414682   0.194713   0.191155  -0.207067  -0.081532  -0.430177  -0.056434   0.017095   0.026774  -0.023950  -0.011230   0.015756 
 -0.403090   0.183765   0.156515  -0.185008  -0.089897  -0.430520   0.011592  -0.010948  -0.034640   0.022059  -0.008365  -0.000343 
 -0.350281   0.166837   0.121275  -0.180997  -0.076490  -0.426739   0.052809  -0.016928  -0.035240   0.004011   0.013407   0.003781 
 -0.307493   0.169366   0.153890  -0.174236  -0.047326  -0.411556   0.042788   0.002529   0.032615   0.006761   0.029164   0.015183 
 -0.354969   0.174027   0.173377  -0.194806  -0.067093  -0.405024  -0.047476   0.004661   0.019487  -0.020570  -0.019767   0.006532 
 -0.396308   0.184192   0.176731  -0.202140  -0.084110  -0.413160  -0.041339   0.010165   0.003354  -0.007334  -0.017017  -0.008136 
 -0.381002   0.172958   0.159058  -0.186211  -0.071734  -0.406284   0.015306  -0.011234  -0.017673   0.015929   0.012376   0.006876 
 -0.322831   0.177959   0.131116  -0.136307  -0.050592  -0.389898   0.058171   0.005001  -0.027942   0.049904   0.021142   0.016386 
 -0.313840   0.182843   0.141871  -0.135218  -0.045034  -0.374313   0.008991   0.004884   0.010755   0.001089   0.005558   0.015585 
 -0.347853   0.188547   0.139880  -0.142380  -0.044633  -0.387606  -0.034013   0.005704  -0.001991  -0.007162   0.000401  -0.013293 
 -0.387466   0.183948   0.164235  -0.190623  -0.064343  -0.400669  -0.039613  -0.004599   0.024355  -0.048243  -0.019710  -0.013063 
 -0.414666   0.181704   0.129636  -0.194519  -0.077578  -0.407087  -0.027200  -0.002244  -0.034599  -0.003896  -0.013235  -0.006418 
 -0.328771   0.167237   0.102626  -0.174752  -0.063999  -0.396200   0.085895  -0.014467  -0.027010   0.019767   0.013579   0.010887 
 -0.302834   0.168445   0.101613  -0.169194  -0.058728  -0.398091   0.025937   0.001208  -0.001013   0.005558   0.005271  -0.001891 
 -0.297086   0.167410   0.142859  -0.167590  -0.057640  -0.397862   0.005748  -0.001035   0.041246   0.001604   0.001088   0.000229 
 -0.352431   0.160091   0.116505  -0.176471  -0.060275  -0.402446  -0.055345  -0.007319  -0.026354  -0.008881  -0.002635  -0.004584 
 -0.428065   0.163680   0.139635  -0.189936  -0.072594  -0.401300  -0.075634   0.003589   0.023130  -0.013465  -0.012319   0.001146 
 -0.397123   0.178524   0.096018  -0.129087  -0.058098  -0.415165   0.030942   0.014844  -0.043617   0.060849   0.014496  -0.013865 
 -0.315550   0.172246   0.121338  -0.125936  -0.058785  -0.366750   0.081573  -0.006278   0.025320   0.003151  -0.000687   0.048415 
 -0.330911   0.178703   0.147186  -0.120837  -0.041769  -0.358958  -0.015361   0.006457   0.025848   0.005099   0.017016   0.007792 
 -0.361140   0.179822   0.149630  -0.132181  -0.058556  -0.364573  -0.030229   0.001119   0.002444  -0.011344  -0.016787  -0.005615 
 -0.412000   0.183477   0.126248  -0.166215  -0.062911  -0.426510  -0.050860   0.003655  -0.023382  -0.034034  -0.004355  -0.061937 
 -0.357332   0.164796   0.075009  -0.132754  -0.059416  -0.414936   0.054668  -0.018681  -0.051239   0.033461   0.003495   0.011574 
 -0.316600   0.213604   0.233578  -0.143641  -0.064802  -0.384913   0.040732   0.048808   0.158569  -0.010887  -0.005386   0.030023 
 -0.373276   0.225182   0.317733  -0.154068  -0.075917  -0.397289  -0.056676   0.011578   0.084155  -0.010427  -0.011115  -0.012376 
 -0.333123   0.224174   0.311173  -0.139401  -0.066692  -0.406112   0.040153  -0.001008  -0.006560   0.014667   0.009225  -0.008823 
 -0.349174   0.197144   0.202226  -0.072078  -0.050821  -0.411498  -0.016051  -0.027030  -0.108947   0.067323   0.015871  -0.005386 
 -0.374970   0.141257   0.096504  -0.080214   0.000000  -0.445818  -0.025796  -0.055887  -0.105722  -0.008136   0.050821  -0.034320 
 -0.371022   0.161734   0.094252  -0.068870   0.000000  -0.460773   0.003948   0.020477  -0.002252   0.011344   0.000000  -0.014955 
 -0.381476   0.140943   0.089733  -0.051967   0.000000  -0.443240  -0.010454  -0.020791  -0.004519   0.016903   0.000000   0.017533 
 -0.406848   0.162853   0.144414  -0.070875  -0.030023  -0.448912  -0.025372   0.021910   0.054681  -0.018908  -0.030023  -0.005672 
 -0.459922   0.173291   0.169079  -0.102961  -0.041941  -0.443928  -0.053074   0.010438   0.024665  -0.032086  -0.011918   0.004984 
 -0.353895   0.175682   0.144249  -0.078782  -0.036268  -0.384455   0.106027   0.002391  -0.024830   0.024179   0.005673   0.059473 
 -0.298071   0.170539   0.150068  -0.062395   0.000000  -0.369271   0.055824  -0.005143   0.005819   0.016387   0.036268   0.015184 
 -0.330927   0.173703   0.157703  -0.061192   0.000000  -0.370073  -0.032856   0.003164   0.007635   0.001203   0.000000  -0.000802 
 -0.355142   0.182865   0.176279  -0.085027   0.000000  -0.396372  -0.024215   0.009162   0.018576  -0.023835   0.000000  -0.026299 
 -0.448863   0.211450   0.176674  -0.071792   0.000000  -0.388580  -0.093721   0.028585   0.000395   0.013235   0.000000   0.007792 
 -0.368904   0.209243   0.158062  -0.061650   0.000000  -0.363026   0.079959  -0.002207  -0.018612   0.010142   0.000000   0.025554 
 -0.308608   0.187119   0.169201  -0.074886   0.000000  -0.372709   0.060296  -0.022124   0.011139  -0.013236   0.000000  -0.009683 
 -0.335839   0.182738   0.179729  -0.075287   0.000000  -0.388179  -0.027231  -0.004381   0.010528  -0.000401   0.000000  -0.015470 
 -0.369146   0.185347   0.179245  -0.086860   0.000000  -0.392247  -0.033307   0.002609  -0.000484  -0.011573   0.000000  -0.004068 
 -0.433254   0.214459   0.202153  -0.085142   0.000000  -0.409493  -0.064108   0.029112   0.022908   0.001718   0.000000  -0.017246 
 -0.445748   0.218656   0.189651  -0.082735   0.000000  -0.412701  -0.012494   0.004197  -0.012502   0.002407   0.000000  -0.003208 
 -0.313716   0.188609   0.171659  -0.088522   0.000000  -0.378954   0.132032  -0.030047  -0.017992  -0.005787   0.000000   0.033747 
 -0.296924   0.201850   0.194391  -0.058213   0.000000  -0.359989   0.016792   0.013241   0.022732   0.030309   0.000000   0.018965 
 -0.323518   0.186983   0.185383  -0.075860   0.000000  -0.368068  -0.026594  -0.014867  -0.009008  -0.017647   0.000000  -0.008079 
 -0.408771   0.206752   0.181242  -0.071161   0.000000  -0.391273  -0.085253   0.019769  -0.004141   0.004699   0.000000  -0.023205 
 -0.461725   0.223178   0.203966  -0.087663   0.000000  -0.418832  -0.052954   0.016426   0.022724  -0.016502   0.000000  -0.027559 
 -0.382786   0.213816   0.171630  -0.061306   0.000000  -0.385543   0.078939  -0.009362  -0.032336   0.026357   0.000000   0.033289 
 -0.327704   0.193686   0.182100  -0.079469   0.000000  -0.384168   0.055082  -0.020130   0.010470  -0.018163   0.000000   0.001375 
 -0.354350   0.187272   0.191941  -0.079641   0.000000  -0.386059  -0.026646  -0.006414   0.009841  -0.000172   0.000000  -0.001891 
 -0.386339   0.188681   0.200645  -0.101528   0.000000  -0.411670  -0.031989   0.001409   0.008704  -0.021887   0.000000  -0.025611 
 -0.452500   0.228620   0.208978  -0.093106   0.000000  -0.414420  -0.066161   0.039939   0.008333   0.008422   0.000000  -0.002750 
 -0.409867   0.223762   0.193945  -0.079698   0.000000  -0.395455   0.042633  -0.004858  -0.015033   0.013408   0.000000   0.018965 
 -0.338529   0.212269   0.186356  -0.064343   0.000000  -0.384225   0.071338  -0.011493  -0.007589   0.015355   0.000000   0.011230 
 -0.355074   0.200867   0.200669  -0.089381   0.000000  -0.387491  -0.016545  -0.011402   0.014313  -0.025038   0.000000  -0.003266 
 -0.370816   0.214572   0.201201  -0.069099   0.000000  -0.399466  -0.015742   0.013705   0.000532   0.020282   0.000000  -0.011975 
 -0.439617   0.225331   0.219621  -0.100783   0.000000  -0.421410  -0.068801   0.010759   0.018420  -0.031684   0.000000  -0.021944 
 -0.421109   0.222790   0.204763  -0.092991   0.000000  -0.403534   0.018508  -0.002541  -0.014858   0.007792   0.000000   0.017876 
 -0.339964   0.214926   0.187413  -0.073167   0.000000  -0.381246   0.081145  -0.007864  -0.017350   0.019824   0.000000   0.022288 
 -0.325166   0.188593   0.221840  -0.109435   0.000000  -0.378725   0.014798  -0.026333   0.034427  -0.036268   0.000000   0.002521 
 -0.383971   0.207737   0.216816  -0.126509   0.034091  -0.393794  -0.058805   0.019144  -0.005024  -0.017074   0.034091  -0.015069 
 -0.434251   0.224233   0.255370  -0.132525   0.000000  -0.409035  -0.050280   0.016496   0.038554  -0.006016  -0.034091  -0.015241 
 -0.409195   0.221288   0.224995  -0.143469   0.018908  -0.409149   0.025056  -0.002945  -0.030375  -0.010944   0.018908  -0.000114 
 -0.312735   0.217121   0.203364  -0.074542   0.000000  -0.354890   0.096460  -0.004167  -0.021631   0.068927  -0.018908   0.054259 
 -0.306906   0.215270   0.206079  -0.065317   0.052884  -0.352827   0.005829  -0.001851   0.002715   0.009225   0.052884   0.002063 
 -0.340793   0.217968   0.223698  -0.115451   0.049504  -0.346353  -0.033887   0.002698   0.017619  -0.050134  -0.003380   0.006474 
 -0.403999   0.215148   0.270050  -0.159855   0.030882  -0.381418  -0.063206  -0.002820   0.046352  -0.044404  -0.018622  -0.035065 
 -0.411868   0.219471   0.270295  -0.162434   0.000000  -0.413160  -0.007869   0.004323   0.000245  -0.002579  -0.030882  -0.031742 
 -0.310240   0.215249   0.203281  -0.134645   0.036956  -0.351280   0.101628  -0.004222  -0.067014   0.027789   0.036956   0.061880 
 -0.251178   0.211069   0.217677  -0.119863   0.044290  -0.344691   0.059062  -0.004180   0.014396   0.014782   0.007334   0.006589 
 -0.271598   0.211790   0.218271  -0.099465   0.057811  -0.326529  -0.020420   0.000721   0.000594   0.020398   0.013521   0.018162 
 -0.289265   0.213270   0.233715  -0.120436   0.059129  -0.337472  -0.017667   0.001480   0.015444  -0.020971   0.001318  -0.010943 
 -0.354557   0.233441   0.282337  -0.178419   0.043774  -0.331513  -0.065292   0.020171   0.048622  -0.057983  -0.015355   0.005959 
 -0.379318   0.224537   0.281130  -0.189019   0.036096  -0.349619  -0.024761  -0.008904  -0.001207  -0.010600  -0.007678  -0.018106 
 -0.299868   0.212266   0.216922  -0.180539   0.051681  -0.322231   0.079450  -0.012271  -0.064208   0.008480   0.015585   0.027388 
 -0.255294   0.216275   0.206934  -0.136937   0.055978  -0.318908   0.044574   0.004009  -0.009988   0.043602   0.004297   0.003323 
 -0.276378   0.220067   0.212587  -0.094882   0.061994  -0.315986  -0.021084   0.003792   0.005653   0.042055   0.006016   0.002922 
 -0.302208   0.220622   0.219797  -0.132812   0.059072  -0.314382  -0.025830   0.000555   0.007210  -0.037930  -0.002922   0.001604 
 -0.363342   0.234465   0.257942  -0.154412   0.041253  -0.333633  -0.061134   0.013843   0.038145  -0.021600  -0.017819  -0.019251 
 -0.361580   0.236044   0.261512  -0.158709   0.031341  -0.332774   0.001762   0.001579   0.003570  -0.004297  -0.009912   0.000859 
 -0.298389   0.228970   0.209912  -0.106456   0.044748  -0.310600   0.063191  -0.007074  -0.051600   0.052253   0.013407   0.022174 
 -0.263825   0.223759   0.211248  -0.098663   0.049446  -0.306189   0.034564  -0.005211   0.001336   0.007793   0.004698   0.004411 
 -0.286248   0.216621   0.231009  -0.147995   0.046639  -0.306704  -0.022423  -0.007138   0.019761  -0.049332  -0.002807  -0.000515 
 -0.338894   0.225804   0.250210  -0.143125   0.047040  -0.353973  -0.052646   0.009183   0.019201   0.004870   0.000401  -0.047269 
 -0.374434   0.232790   0.246980  -0.152808   0.029908  -0.327388  -0.035540   0.006986  -0.003230  -0.009683  -0.017132   0.026585 
 -0.303724   0.215237   0.203829  -0.159397   0.056837  -0.300574   0.070710  -0.017553  -0.043151  -0.006589   0.026929   0.026814 
 -0.254498   0.212650   0.188542  -0.094882   0.046123  -0.296047   0.049226  -0.002587  -0.015287   0.064515  -0.010714   0.004527 
 -0.261928   0.212939   0.206774  -0.126223   0.053113  -0.285276  -0.007430   0.000289   0.018232  -0.031341   0.006990   0.010771 
 -0.311495   0.222881   0.225384  -0.144557   0.050478  -0.296105  -0.049567   0.009942   0.018610  -0.018334  -0.002635  -0.010829 
 -0.361450   0.236690   0.256789  -0.199217   0.042685  -0.314840  -0.049955   0.013809   0.031405  -0.054660  -0.007793  -0.018735 
 -0.315912   0.228760   0.240579  -0.172632   0.048014  -0.308251   0.045538  -0.007930  -0.016210   0.026585   0.005329   0.006589 
 -0.274884   0.221968   0.203036  -0.148224   0.052712  -0.298969   0.041028  -0.006792  -0.037543   0.024408   0.004698   0.009282 
 -0.269079   0.222740   0.226526  -0.136192   0.059187  -0.291693   0.005805   0.000772   0.023490   0.012032   0.006475   0.007276 
 -0.294179   0.224178   0.226330  -0.136421   0.066177  -0.286651  -0.025100   0.001438  -0.000196  -0.000229   0.006990   0.005042 
 -0.341427   0.229094   0.245494  -0.153896   0.048873  -0.352999  -0.047248   0.004916   0.019164  -0.017475  -0.017304  -0.066348 
 -0.354278   0.236032   0.253317  -0.161803   0.037357  -0.357010  -0.012851   0.006938   0.007823  -0.007907  -0.011516  -0.004011 
 -0.297708   0.218120   0.210293  -0.141406   0.068698  -0.293068   0.056570  -0.017912  -0.043024   0.020397   0.031341   0.063942 
 -0.260504   0.220142   0.206825  -0.134588   0.046467  -0.287969   0.037204   0.002022  -0.003468   0.006818  -0.022231   0.005099 
 -0.267645   0.217378   0.211317  -0.134702   0.063827  -0.292037  -0.007141  -0.002764   0.004492  -0.000114   0.017360  -0.004068 
 -0.278874   0.221957   0.212157  -0.103018   0.067781  -0.291005  -0.011229   0.004579   0.000840   0.031684   0.003954   0.001032 
 -0.344265   0.229577   0.240982  -0.152579   0.057582  -0.355692  -0.065391   0.007620   0.028825  -0.049561  -0.010199  -0.064687 
 -0.383119   0.232046   0.240006  -0.195207   0.041941  -0.317533  -0.038854   0.002469  -0.000976  -0.042628  -0.015641   0.038159 
 -0.300341   0.219899   0.191368  -0.160027   0.072365  -0.303782   0.082778  -0.012147  -0.048638   0.035180   0.030424   0.013751 
 -0.255833   0.219097   0.218867  -0.158423   0.055863  -0.297365   0.044508  -0.000802   0.027499   0.001604  -0.016502   0.006417 
 -0.267658   0.214970   0.238429  -0.151375   0.065489  -0.296047  -0.011825  -0.004127   0.019562   0.007048   0.009626   0.001318 
 -0.272533   0.218444   0.229193  -0.157506   0.067151  -0.293183  -0.004875   0.003474  -0.009236  -0.006131   0.001662   0.002864 
 -0.343152   0.231134   0.266812  -0.177732   0.057238  -0.344806  -0.070619   0.012690   0.037619  -0.020226  -0.009913  -0.051623 
 -0.339115   0.231320   0.250391  -0.172403   0.051165  -0.346296   0.004037   0.000186  -0.016421   0.005329  -0.006073  -0.001490 
 -0.260924   0.215374   0.206807  -0.150802   0.058785  -0.289516   0.078191  -0.015946  -0.043584   0.021601   0.007620   0.056780 
 -0.248786   0.216192   0.223983  -0.147422   0.063140  -0.327331   0.012138   0.000818   0.017176   0.003380   0.004355  -0.037815 
 -0.262032   0.217775   0.230795  -0.155959   0.083938  -0.320513  -0.013246   0.001583   0.006812  -0.008537   0.020798   0.006818 
 -0.337823   0.223182   0.256656  -0.190566   0.069557  -0.339134  -0.075791   0.005407   0.025861  -0.034607  -0.014381  -0.018621 
 -0.332578   0.214653   0.251460  -0.215719   0.081933  -0.338332   0.005245  -0.008529  -0.005196  -0.025153   0.012376   0.000802 
 -0.276188   0.214994   0.210287  -0.178935   0.091100  -0.295302   0.056390   0.000341  -0.041173   0.036784   0.009167   0.043030 
 -0.222630   0.214101   0.223637  -0.176299   0.098033  -0.293011   0.053558  -0.000893   0.013350   0.002636   0.006933   0.002291 
 -0.248700   0.213731   0.228021  -0.177846   0.109492  -0.297766  -0.026070  -0.000370   0.004384  -0.001547   0.011459  -0.004755 
 -0.303718   0.208918   0.239347  -0.201509   0.097288  -0.285333  -0.055018  -0.004813   0.011326  -0.023663  -0.012204   0.012433 
 -0.335061   0.226959   0.277900  -0.245627   0.063942  -0.303782  -0.031343   0.018041   0.038553  -0.044118  -0.033346  -0.018449 
 -0.287389   0.224363   0.236626  -0.207640   0.068125  -0.281609   0.047672  -0.002596  -0.041274   0.037987   0.004183   0.022173 
 -0.228069   0.228889   0.237644  -0.209187   0.082563  -0.306246   0.059320   0.004526   0.001018  -0.001547   0.014438  -0.024637 
 -0.236542   0.236239   0.249852  -0.214745   0.084569  -0.304871  -0.008473   0.007350   0.012208  -0.005558   0.002006   0.001375 
 -0.253790   0.225132   0.268377  -0.223797   0.088006  -0.317648  -0.017248  -0.011107   0.018525  -0.009052   0.003437  -0.012777 
 -0.311237   0.255438   0.312131  -0.261040   0.076375  -0.335180  -0.057447   0.030306   0.043754  -0.037243  -0.011631  -0.017532 
 -0.325231   0.242057   0.314680  -0.273072   0.068125  -0.286536  -0.013994  -0.013381   0.002549  -0.012032  -0.008250   0.048644 
 -0.264203   0.235971   0.258558  -0.254622   0.084855  -0.262873   0.061028  -0.006086  -0.056122   0.018450   0.016730   0.023663 
 -0.229513   0.220831   0.262545  -0.235428   0.116712  -0.287453   0.034690  -0.015140   0.003987   0.019194   0.031857  -0.024580 
 -0.235486   0.233056   0.265461  -0.240184   0.128572  -0.254737  -0.005973   0.012225   0.002916  -0.004756   0.011860   0.032716 
 -0.293338   0.241381   0.298903  -0.268259   0.083480  -0.272613  -0.057852   0.008325   0.033442  -0.028075  -0.045092  -0.017876 
 -0.336158   0.234542   0.311886  -0.276853   0.063484  -0.291521  -0.042820  -0.006839   0.012983  -0.008594  -0.019996  -0.018908 
 -0.267931   0.250920   0.297717  -0.254966   0.069041  -0.263102   0.068227   0.016378  -0.014169   0.021887   0.005557   0.028419 
 -0.229416   0.248385   0.273856  -0.257086   0.098377  -0.255940   0.038515  -0.002535  -0.023861  -0.002120   0.029336   0.007162 
 -0.223183   0.218810   0.277504  -0.251185   0.124217  -0.289917   0.006233  -0.029575   0.003648   0.005901   0.025840  -0.033977 
 -0.254278   0.233462   0.267172  -0.244596   0.115107  -0.265222  -0.031095   0.014652  -0.010332   0.006589  -0.009110   0.024695 
 -0.347138   0.222960   0.270315  -0.236345   0.070703  -0.295589  -0.092860  -0.010502   0.003143   0.008251  -0.044404  -0.030367 
 -0.305702   0.219261   0.257099  -0.230673   0.070932  -0.282354   0.041436  -0.003699  -0.013216   0.005672   0.000229   0.013235 
 -0.239643   0.207738   0.209068  -0.171314   0.069786  -0.259206   0.066059  -0.011523  -0.048031   0.059359  -0.001146   0.023148 
 -0.225063   0.204114   0.200832  -0.110466   0.096887  -0.286364   0.014580  -0.003624  -0.008236   0.060848   0.027101  -0.027158 
 -0.241022   0.195761   0.206215  -0.131150   0.081646  -0.264649  -0.015959  -0.008353   0.005383  -0.020684  -0.015241   0.021715 
 -0.335730   0.210792   0.188548  -0.160027   0.061650  -0.289000  -0.094708   0.015031  -0.017667  -0.028877  -0.019996  -0.024351 
 -0.342555   0.211331   0.195772  -0.146333   0.046123  -0.299027  -0.006825   0.000539   0.007224   0.013694  -0.015527  -0.010027 
 -0.283148   0.202011   0.169068  -0.096715   0.059129  -0.307392   0.059407  -0.009320  -0.026704   0.049618   0.013006  -0.008365 
 -0.266306   0.207520   0.175563  -0.070818   0.063083  -0.299256   0.016842   0.005509   0.006495   0.025897   0.003954   0.008136 
 -0.295127   0.206693   0.168473  -0.068468   0.060390  -0.314325  -0.028821  -0.000827  -0.007090   0.002350  -0.002693  -0.015069 
 -0.371681   0.221542   0.205200  -0.070703   0.046295  -0.325612  -0.076554   0.014849   0.036727  -0.002235  -0.014095  -0.011287 
 -0.392487   0.222623   0.213046  -0.084397   0.034263  -0.339420  -0.020806   0.001081   0.007846  -0.013694  -0.012032  -0.013808 
 -0.313192   0.210949   0.174634  -0.057353   0.047613  -0.315757   0.079295  -0.011674  -0.038412   0.027044   0.013350   0.023663 
 -0.295180   0.189147   0.200764  -0.072307   0.053858  -0.331628   0.018012  -0.021802   0.026130  -0.014954   0.006245  -0.015871 
 -0.316147   0.212286   0.197135  -0.061192   0.062051  -0.318736  -0.020967   0.023139  -0.003629   0.011115   0.008193   0.012892 
 -0.386168   0.224283   0.212595  -0.064859   0.045665  -0.340394  -0.070021   0.011997   0.015460  -0.003667  -0.016386  -0.021658 
 -0.385583   0.230719   0.219550  -0.071677   0.035810  -0.337873   0.000585   0.006436   0.006955  -0.006818  -0.009855   0.002521 
 -0.298362   0.214321   0.176305  -0.059416   0.048530  -0.317075   0.087221  -0.016398  -0.043245   0.012261   0.012720   0.020798 
 -0.267310   0.209767   0.199663  -0.076031   0.063025  -0.317018   0.031052  -0.004554   0.023358  -0.016615   0.014495   0.000057 
 -0.302102   0.210250   0.194507  -0.048530   0.060676  -0.318393  -0.034792   0.000483  -0.005156   0.027501  -0.002349  -0.001375 
 -0.385321   0.220202   0.226800  -0.068411   0.052483  -0.334321  -0.083219   0.009952   0.032293  -0.019881  -0.008193  -0.015928 
 -0.419780   0.228637   0.217769  -0.076433   0.035581  -0.365261  -0.034459   0.008435  -0.009031  -0.008022  -0.016902  -0.030940 
 -0.317127   0.198108   0.188146  -0.087376   0.053686  -0.331800   0.102653  -0.030529  -0.029623  -0.010943   0.018105   0.033461 
 -0.288341   0.212971   0.185741  -0.059530   0.057811  -0.316387   0.028786   0.014863  -0.002405   0.027846   0.004125   0.015413 
 -0.305639   0.210279   0.196547  -0.052941   0.060390  -0.320856  -0.017298  -0.002692   0.010806   0.006589   0.002579  -0.004469 
 -0.365881   0.200170   0.213698  -0.091100   0.062338  -0.339191  -0.060242  -0.010109   0.017151  -0.038159   0.001948  -0.018335 
 -0.393087   0.223236   0.211858  -0.119290   0.040336  -0.327273  -0.027206   0.023066  -0.001840  -0.028190  -0.022002   0.011918 
 -0.332444   0.219040   0.179675  -0.064630   0.048014  -0.309741   0.060643  -0.004196  -0.032183   0.054660   0.007678   0.017532 
 -0.289024   0.212095   0.177832  -0.061135   0.058900  -0.305444   0.043420  -0.006945  -0.001843   0.003495   0.010886   0.004297 
 -0.320725   0.213831   0.218092  -0.055577   0.053056  -0.330940  -0.031701   0.001736   0.040260   0.005558  -0.005844  -0.025496 
 -0.399591   0.221440   0.200884  -0.060275   0.046524  -0.336097  -0.078866   0.007609  -0.017208  -0.004698  -0.006532  -0.005157 
 -0.420370   0.223710   0.208364  -0.118774   0.033919  -0.353228  -0.020779   0.002270   0.007480  -0.058499  -0.012605  -0.017131 
 -0.355047   0.216482   0.165629  -0.060103   0.043659  -0.334092   0.065323  -0.007228  -0.042735   0.058671   0.009740   0.019136 
 -0.306633   0.195308   0.191694  -0.082792   0.050821  -0.350421   0.048414  -0.021174   0.026065  -0.022689   0.007162  -0.016329 
 -0.307465   0.212822   0.176210  -0.050306   0.053285  -0.328305  -0.000832   0.017514  -0.015484   0.032486   0.002464   0.022116 
 -0.357872   0.216642   0.196224  -0.062796   0.049274  -0.343488  -0.050407   0.003820   0.020014  -0.012490  -0.004011  -0.015183 
 -0.404990   0.222393   0.201532  -0.126394   0.036898  -0.336899  -0.047118   0.005751   0.005308  -0.063598  -0.012376   0.006589 
 -0.341766   0.216657   0.165901  -0.059759   0.050649  -0.326815   0.063224  -0.005736  -0.035631   0.066635   0.013751   0.010084 
 -0.309193   0.209071   0.168814  -0.056723   0.056780  -0.324065   0.032573  -0.007586   0.002913   0.003036   0.006131   0.002750 
 -0.325260   0.206425   0.180007  -0.048243   0.062682  -0.326070  -0.016067  -0.002646   0.011193   0.008480   0.005902  -0.002005 
 -0.400589   0.218398   0.189317  -0.070989   0.063426  -0.343832  -0.075329   0.011973   0.009310  -0.022746   0.000744  -0.017762 
 -0.447849   0.232649   0.198939  -0.079011   0.042170  -0.355005  -0.047260   0.014251   0.009622  -0.008022  -0.021256  -0.011173 
 -0.393480   0.214670   0.155486  -0.068411   0.055405  -0.338446   0.054369  -0.017979  -0.043453   0.010600   0.013235   0.016559 
 -0.318441   0.196398   0.179952  -0.085371   0.057983  -0.336956   0.075039  -0.018272   0.024466  -0.016960   0.002578   0.001490 
 -0.333179   0.192422   0.198328  -0.083652   0.068067  -0.354775  -0.014738  -0.003976   0.018376   0.001719   0.010084  -0.017819 
 -0.370701   0.217968   0.192742  -0.062567   0.066291  -0.342514  -0.037522   0.025546  -0.005586   0.021085  -0.001776   0.012261 
 -0.434089   0.224306   0.209902  -0.124446   0.058843  -0.362854  -0.063388   0.006338   0.017160  -0.061879  -0.007448  -0.020340 
 -0.367245   0.221560   0.174989  -0.060275   0.062510  -0.342858   0.066844  -0.002746  -0.034913   0.064171   0.003667   0.019996 
 -0.335382   0.185664   0.157846  -0.066750   0.064630  -0.357640   0.031863  -0.035896  -0.017143  -0.006475   0.002120  -0.014782 
 -0.340997   0.206848   0.165286  -0.055978   0.068067  -0.360505  -0.005615   0.021184   0.007440   0.010772   0.003437  -0.002865 
 -0.383624   0.208443   0.172737  -0.043831   0.062166  -0.356494  -0.042627   0.001595   0.007451   0.012147  -0.005901   0.004011 
 -0.457472   0.229548   0.184360  -0.062109   0.065833  -0.363771  -0.073848   0.021105   0.011623  -0.018278   0.003667  -0.007277 
 -0.442631   0.227889   0.181314  -0.066062   0.061135  -0.382048   0.014841  -0.001659  -0.003046  -0.003953  -0.004698  -0.018277 
 -0.349647   0.199566   0.171565  -0.081761   0.067895  -0.363083   0.092984  -0.028323  -0.009749  -0.015699   0.006760   0.018965 
 -0.343579   0.212273   0.179745  -0.044404   0.060275  -0.382736   0.006068   0.012707   0.008180   0.037357  -0.007620  -0.019653 
 -0.375927   0.208555   0.187271  -0.040107   0.068411  -0.396544  -0.032348  -0.003718   0.007526   0.004297   0.008136  -0.013808 
 -0.446014   0.218889   0.184874  -0.059416   0.084511  -0.389840  -0.070087   0.010334  -0.002397  -0.019309   0.016100   0.006704 
 -0.470718   0.226191   0.193136  -0.063484   0.056207  -0.391789  -0.024704   0.007302   0.008262  -0.004068  -0.028304  -0.001949 
 -0.417376   0.195324   0.168152  -0.068812   0.063598  -0.378324   0.053342  -0.030867  -0.024984  -0.005328   0.007391   0.013465 
 -0.380880   0.206130   0.170251  -0.034893   0.063885  -0.383767   0.036496   0.010806   0.002099   0.033919   0.000287  -0.005443 
 -0.406224   0.189343   0.191669  -0.048415   0.065432  -0.419577  -0.025344  -0.016787   0.021418  -0.013522   0.001547  -0.035810 
 -0.425092   0.192300   0.178368  -0.059358   0.065260  -0.418087  -0.018868   0.002957  -0.013301  -0.010943  -0.000172   0.001490 
 -0.510217   0.202970   0.184546  -0.063885   0.052025  -0.433385  -0.085125   0.010670   0.006178  -0.004527  -0.013235  -0.015298 
 -0.481593   0.201631   0.195069  -0.061249   0.054259  -0.464039   0.028624  -0.001339   0.010523   0.002636   0.002234  -0.030654 
 -0.398542   0.184667   0.193711  -0.032200   0.060390  -0.412415   0.083051  -0.016964  -0.001358   0.029049   0.006131   0.051624 
 -0.396483   0.200494   0.207994   0.000000   0.071906  -0.411441   0.002059   0.015827   0.014283   0.032200   0.011516   0.000974 
 -0.428164   0.199263   0.213137   0.000000   0.077349  -0.438313  -0.031681  -0.001231   0.005143   0.000000   0.005443  -0.026872 
 -0.526494   0.194023   0.195802  -0.045378   0.073109  -0.463809  -0.098330  -0.005240  -0.017335  -0.045378  -0.004240  -0.025496 
 -0.522689   0.197983   0.196450  -0.050764   0.060504  -0.467992   0.003805   0.003960   0.000648  -0.005386  -0.012605  -0.004183 
 -0.446730   0.200287   0.171670   0.000000   0.068354  -0.439860   0.075959   0.002304  -0.024780   0.050764   0.007850   0.028132 
 -0.428073   0.185874   0.167518  -0.012834   0.078667  -0.443355   0.018657  -0.014413  -0.004152  -0.012834   0.010313  -0.003495 
 -0.442618   0.195899   0.169875   0.000000   0.078037  -0.438427  -0.014545   0.010025   0.002357   0.012834  -0.000630   0.004928 
 -0.499810   0.194447   0.182060   0.000000   0.076891  -0.455731  -0.057192  -0.001452   0.012185   0.000000  -0.001146  -0.017304 
 -0.558069   0.212683   0.192543  -0.029794   0.067494  -0.486728  -0.058259   0.018236   0.010483  -0.029794  -0.009397  -0.030997 
 -0.512676   0.192680   0.163490   0.000000   0.065833  -0.459111   0.045393  -0.020003  -0.029053   0.029794  -0.001661   0.027617 
 -0.468114   0.191601   0.160900   0.013923   0.059473  -0.444902   0.044562  -0.001079  -0.002590   0.013923  -0.006360   0.014209 
 -0.449646   0.191324   0.189717   0.024179   0.066177  -0.446048   0.018468  -0.000277   0.028817   0.010256   0.006704  -0.001146 
 -0.502437   0.200089   0.180484   0.017876   0.073339  -0.468679  -0.052791   0.008765  -0.009233  -0.006303   0.007162  -0.022631 
 -0.543844   0.206212   0.202783   0.000000   0.062051  -0.478706  -0.041407   0.006123   0.022299  -0.017876  -0.011288  -0.010027 
 -0.517269   0.201869   0.195686   0.000000   0.059416  -0.471945   0.026575  -0.004343  -0.007097   0.000000  -0.002635   0.006761 
 -0.452891   0.187938   0.178099   0.012892   0.061822  -0.444214   0.064378  -0.013931  -0.017587   0.012892   0.002406   0.027731 
 -0.460250   0.193689   0.174726   0.024293   0.065088  -0.443813  -0.007359   0.005751  -0.003373   0.011401   0.003266   0.000401 
 -0.448027   0.192209   0.176688   0.028476   0.068698  -0.434932   0.012223  -0.001480   0.001962   0.004183   0.003610   0.008881 
 -0.512716   0.193978   0.207737   0.000000   0.073568  -0.470513  -0.064689   0.001769   0.031049  -0.028476   0.004870  -0.035581 
 -0.551774   0.205053   0.218718   0.000000   0.060791  -0.479508  -0.039058   0.011075   0.010981   0.000000  -0.012777  -0.008995 
 -0.500304   0.188656   0.177901   0.000000   0.068297  -0.467992   0.051470  -0.016397  -0.040817   0.000000   0.007506   0.011516 
 -0.438552   0.192357   0.170825   0.022918   0.064572  -0.444902   0.061752   0.003701  -0.007076   0.022918  -0.003725   0.023090 
 -0.477211   0.194671   0.181130   0.034549   0.084282  -0.469138  -0.038659   0.002314   0.010305   0.011631   0.019710  -0.024236 
 -0.498064   0.205149   0.176287   0.030023   0.085371  -0.487587  -0.020853   0.010478  -0.004843  -0.004526   0.001089  -0.018449 
 -0.563428   0.199021   0.195677   0.000000   0.071734  -0.501625  -0.065364  -0.006128   0.019390  -0.030023  -0.013637  -0.014038 
 -0.572355   0.200877   0.189311   0.000000   0.064171  -0.506380  -0.008927   0.001856  -0.006366   0.000000  -0.007563  -0.004755 
 -0.467135   0.202898   0.159101   0.025611   0.063312  -0.491999   0.105220   0.002021  -0.030210   0.025611  -0.000859   0.014381 
 -0.464365   0.198908   0.169691   0.037643   0.073052  -0.461231   0.002770  -0.003990   0.010590   0.012032   0.009740   0.030768 
 -0.472414   0.195428   0.171134   0.043774   0.080214  -0.456877  -0.008049  -0.003480   0.001443   0.006131   0.007162   0.004354 
 -0.518766   0.208971   0.186887   0.035122   0.089840  -0.493145  -0.046352   0.013543   0.015753  -0.008652   0.009626  -0.036268 
 -0.609737   0.203183   0.216613   0.000000   0.096372  -0.520532  -0.090971  -0.005788   0.029726  -0.035122   0.006532  -0.027387 
 -0.570081   0.217638   0.178473   0.025497   0.092246  -0.506953   0.039656   0.014455  -0.038140   0.025497  -0.004126   0.013579 
 -0.490906   0.198582   0.165151   0.039362   0.104565  -0.480941   0.079175  -0.019056  -0.013322   0.013865   0.012319   0.026012 
 -0.493287   0.203539   0.187858   0.044863   0.122155  -0.499275  -0.002381   0.004957   0.022707   0.005501   0.017590  -0.018334 
 -0.526272   0.210639   0.192948   0.024523   0.123071  -0.498817  -0.032985   0.007100   0.005090  -0.020340   0.000916   0.000458 
 -0.571864   0.199191   0.225616   0.000000   0.111097  -0.516521  -0.045592  -0.011448   0.032668  -0.024523  -0.011974  -0.017704 
 -0.569290   0.201214   0.225300   0.000000   0.106054  -0.514803   0.002574   0.002023  -0.000316   0.000000  -0.005043   0.001718 
 -0.477054   0.195295   0.190700   0.019652   0.115451  -0.494348   0.092236  -0.005919  -0.034600   0.019652   0.009397   0.020455 
 -0.471469   0.196333   0.194804   0.031398   0.125019  -0.473378   0.005585   0.001038   0.004104   0.011746   0.009568   0.020970 
 -0.485118   0.204088   0.187027   0.030138   0.137968  -0.476185  -0.013649   0.007755  -0.007777  -0.001260   0.012949  -0.002807 
 -0.531893   0.206374   0.199476   0.028247   0.145474  -0.496640  -0.046775   0.002286   0.012449  -0.001891   0.007506  -0.020455 
 -0.600212   0.205151   0.232551   0.000000   0.132353  -0.519959  -0.068319  -0.001223   0.033075  -0.028247  -0.013121  -0.023319 
 -0.571610   0.206549   0.226581   0.000000   0.122269  -0.513943   0.028602   0.001398  -0.005970   0.000000  -0.010084   0.006016 
 -0.514413   0.209697   0.184990   0.037701   0.138656  -0.496984   0.057197   0.003148  -0.041591   0.037701   0.016387   0.016959 
 -0.465582   0.193374   0.192922   0.044633   0.145245  -0.487071   0.048831  -0.016323   0.007932   0.006932   0.006589   0.009913 
 -0.484398   0.196846   0.193582   0.044920   0.154527  -0.488962  -0.018816   0.003472   0.000660   0.000287   0.009282  -0.001891 
 -0.542781   0.203551   0.238824   0.000000   0.149141  -0.513829  -0.058383   0.006705   0.045242  -0.044920  -0.005386  -0.024867 
 -0.561995   0.211109   0.243088   0.000000   0.141291  -0.518756  -0.019214   0.007558   0.004264   0.000000  -0.007850  -0.004927 
 -0.500236   0.194399   0.219899   0.000000   0.156360  -0.495895   0.061759  -0.016710  -0.023189   0.000000   0.015069   0.022861 
 -0.460355   0.208387   0.205402   0.054202   0.143469  -0.475784   0.039881   0.013988  -0.014497   0.054202  -0.012891   0.020111 
 -0.494656   0.204305   0.215856   0.035008   0.168851  -0.484321  -0.034301  -0.004082   0.010454  -0.019194   0.025382  -0.008537 
 -0.540681   0.210480   0.252859   0.000000   0.163866  -0.504661  -0.046025   0.006175   0.037003  -0.035008  -0.004985  -0.020340 
 -0.572652   0.225409   0.267021  -0.030997   0.152063  -0.511021  -0.031971   0.014929   0.014162  -0.030997  -0.011803  -0.006360 
 -0.515130   0.198439   0.228165   0.000000   0.155787  -0.478534   0.057522  -0.026970  -0.038856   0.030997   0.003724   0.032487 
 -0.454151   0.206881   0.212998   0.019079   0.168965  -0.469138   0.060979   0.008442  -0.015167   0.019079   0.013178   0.009396 
 -0.447425   0.195907   0.235315   0.000000   0.181570  -0.461460   0.006726  -0.010974   0.022317  -0.019079   0.012605   0.007678 
 -0.490272   0.211546   0.251522  -0.028992   0.204431  -0.467304  -0.042847   0.015639   0.016207  -0.028992   0.022861  -0.005844 
 -0.568018   0.234658   0.276156  -0.047154   0.193144  -0.499562  -0.077746   0.023112   0.024634  -0.018162  -0.011287  -0.032258 
 -0.529242   0.226363   0.259907  -0.038847   0.164840  -0.492572   0.038776  -0.008295  -0.016249   0.008307  -0.028304   0.006990 
 -0.455614   0.198577   0.232659   0.000000   0.176356  -0.470570   0.073628  -0.027786  -0.027248   0.038847   0.011516   0.022002 
 -0.450576   0.196636   0.239148   0.000000   0.183461  -0.466731   0.005038  -0.001941   0.006489   0.000000   0.007105   0.003839 
 -0.486476   0.194081   0.231480   0.000000   0.198759  -0.471430  -0.035900  -0.002555  -0.007668   0.000000   0.015298  -0.004699 
 -0.572957   0.210762   0.244940   0.000000   0.184321  -0.511250  -0.086481   0.016681   0.013460   0.000000  -0.014438  -0.039820 
 -0.553098   0.207031   0.234279   0.000000   0.151490  -0.504890   0.019859  -0.003731  -0.010661   0.000000  -0.032831   0.006360 
 -0.475589   0.177359   0.195984   0.000000   0.166100  -0.473034   0.077509  -0.029672  -0.038295   0.000000   0.014610   0.031856 
 -0.461705   0.183712   0.198413   0.052368   0.157277  -0.464325   0.013884   0.006353   0.002429   0.052368  -0.008823   0.008709 
 -0.491690   0.193996   0.196993   0.029335   0.177330  -0.485238  -0.029985   0.010284  -0.001420  -0.023033   0.020053  -0.020913 
 -0.570549   0.203833   0.234295   0.000000   0.188217  -0.526548  -0.078859   0.009837   0.037302  -0.029335   0.010887  -0.041310 
 -0.589836   0.207163   0.228357   0.000000   0.149828  -0.522824  -0.019287   0.003330  -0.005938   0.000000  -0.038389   0.003724 
 -0.484954   0.205915   0.187112   0.038102   0.154641  -0.487759   0.104882  -0.001248  -0.041245   0.038102   0.004813   0.035065 
 -0.477027   0.208405   0.207482   0.059874   0.159855  -0.514573   0.007927   0.002490   0.020370   0.021772   0.005214  -0.026814 
 -0.488377   0.210196   0.208836   0.061994   0.182143  -0.506838  -0.011350   0.001791   0.001354   0.002120   0.022288   0.007735 
 -0.545257   0.224602   0.221547   0.035008   0.168278  -0.521907  -0.056880   0.014406   0.012711  -0.026986  -0.013865  -0.015069 
 -0.601554   0.209699   0.236965   0.000000   0.154641  -0.533710  -0.056297  -0.014903   0.015418  -0.035008  -0.013637  -0.011803 
 -0.534239   0.216500   0.194177   0.045894   0.156016  -0.513714   0.067315   0.006801  -0.042788   0.045894   0.001375   0.019996 
 -0.477064   0.208114   0.198135   0.057525   0.153954  -0.517839   0.057175  -0.008386   0.003958   0.011631  -0.002062  -0.004125 
 -0.494314   0.209335   0.210314   0.063885   0.180253  -0.512855  -0.017250   0.001221   0.012179   0.006360   0.026299   0.004984 
 -0.512195   0.210137   0.203898   0.061306   0.182315  -0.515376  -0.017881   0.000802  -0.006416  -0.002579   0.002062  -0.002521 
 -0.585452   0.228188   0.232731   0.036039   0.165241  -0.535028  -0.073257   0.018051   0.028833  -0.025267  -0.017074  -0.019652 
 -0.592868   0.234457   0.221848   0.028591   0.151032  -0.530330  -0.007416   0.006269  -0.010883  -0.007448  -0.014209   0.004698 
 -0.500743   0.207844   0.174656   0.044748   0.156188  -0.511250   0.092125  -0.026613  -0.047192   0.016157   0.005156   0.019080 
 -0.493045   0.208308   0.190898   0.061135   0.162777  -0.515834   0.007698   0.000464   0.016242   0.016387   0.006589  -0.004584 
 -0.513527   0.214461   0.206820   0.067265   0.176070  -0.523110  -0.020482   0.006153   0.015922   0.006130   0.013293  -0.007276 
 -0.567506   0.209954   0.208651   0.043258   0.168049  -0.533825  -0.053979  -0.004507   0.001831  -0.024007  -0.008021  -0.010715 
 -0.586054   0.212534   0.236278   0.000000   0.146792  -0.535429  -0.018548   0.002580   0.027627  -0.043258  -0.021257  -0.001604 
 -0.545278   0.212887   0.196216   0.040107   0.143870  -0.523225   0.040776   0.000353  -0.040062   0.040107  -0.002922   0.012204 
 -0.476112   0.215651   0.188489   0.055176   0.147078  -0.526319   0.069166   0.002764  -0.007727   0.015069   0.003208  -0.003094 
 -0.490207   0.220071   0.203908   0.057353   0.168392  -0.516923  -0.014095   0.004420   0.015419   0.002177   0.021314   0.009396 
 -0.524975   0.218932   0.204191   0.055520   0.178935  -0.516808  -0.034768  -0.001139   0.000283  -0.001833   0.010543   0.000115 
 -0.591208   0.216169   0.242797   0.024637   0.164152  -0.537434  -0.066233  -0.002763   0.038606  -0.030883  -0.014783  -0.020626 
 -0.580998   0.217238   0.212259   0.029049   0.153725  -0.522939   0.010210   0.001069  -0.030538   0.004412  -0.010427   0.014495 
 -0.478417   0.208653   0.174549   0.042456   0.167304  -0.505864   0.102581  -0.008585  -0.037710   0.013407   0.013579   0.017075 
 -0.466876   0.206870   0.189557   0.051452   0.174351  -0.500765   0.011541  -0.001783   0.015008   0.008996   0.007047   0.005099 
 -0.480239   0.210224   0.195997   0.052311   0.197384  -0.495322  -0.013363   0.003354   0.006440   0.000859   0.023033   0.005443 
 -0.518610   0.215595   0.216452   0.028705   0.202655  -0.512969  -0.038371   0.005371   0.020455  -0.023606   0.005271  -0.017647 
 -0.591184   0.212505   0.239711   0.000000   0.192055  -0.528725  -0.072574  -0.003090   0.023259  -0.028705  -0.010600  -0.015756 
 -0.528470   0.218126   0.191773   0.037586   0.173377  -0.509589   0.062714   0.005621  -0.047938   0.037586  -0.018678   0.019136 
 -0.464123   0.210375   0.193620   0.055004   0.182029  -0.511193   0.064347  -0.007751   0.001847   0.017418   0.008652  -0.001604 
 -0.456608   0.204247   0.214921   0.072479   0.190508  -0.507812   0.007515  -0.006128   0.021301   0.017475   0.008479   0.003381 
 -0.502342   0.213035   0.218917   0.045550   0.193201  -0.490395  -0.045734   0.008788   0.003996  -0.026929   0.002693   0.017417 
 -0.572206   0.218903   0.280189   0.000000   0.200191  -0.519673  -0.069864   0.005868   0.061272  -0.045550   0.006990  -0.029278 
 -0.561182   0.214002   0.265798   0.000000   0.205806  -0.513198   0.011024  -0.004901  -0.014391   0.000000   0.005615   0.006475 
 -0.486820   0.217363   0.211892   0.032888   0.209301  -0.501854   0.074362   0.003361  -0.053906   0.032888   0.003495   0.011344 
 -0.473971   0.214612   0.209571   0.049217   0.184607  -0.504948   0.012849  -0.002751  -0.002321   0.016329  -0.024694  -0.003094 
 -0.501718   0.211759   0.206655   0.058384   0.198014  -0.504489  -0.027747  -0.002853  -0.002916   0.009167   0.013407   0.000459 
 -0.560260   0.217451   0.202922   0.051681   0.172575  -0.518298  -0.058542   0.005692  -0.003733  -0.006703  -0.025439  -0.013809 
 -0.568523   0.227418   0.209295   0.034263   0.158480  -0.514459  -0.008263   0.009967   0.006373  -0.017418  -0.014095   0.003839 
 -0.487254   0.198866   0.153416   0.053973   0.158938  -0.488790   0.081269  -0.028552  -0.055879   0.019710   0.000458   0.025669 
 -0.460748   0.196967   0.172118   0.068468   0.162204  -0.491884   0.026506  -0.001899   0.018702   0.014495   0.003266  -0.003094 
 -0.488860   0.200130   0.177893   0.102273   0.180997  -0.493832  -0.028112   0.003163   0.005775   0.033805   0.018793  -0.001948 
 -0.557446   0.209453   0.180832   0.055004   0.168049  -0.507641  -0.068586   0.009323   0.002939  -0.047269  -0.012948  -0.013809 
 -0.580999   0.220890   0.187239   0.038904   0.153610  -0.509302  -0.023553   0.011437   0.006407  -0.016100  -0.014439  -0.001661 
 -0.516055   0.199655   0.143515   0.062682   0.153209  -0.490509   0.064944  -0.021235  -0.043724   0.023778  -0.000401   0.018793 
 -0.456368   0.197457   0.157500   0.079698   0.178419  -0.487415   0.059687  -0.002198   0.013985   0.017016   0.025210   0.003094 
